{"stats":{"minecraft:crafted":{"minecraft:cooked_beef":2,"minecraft:crafting_table":1,"minecraft:stick":20,"minecraft:spruce_planks":64,"minecraft:wooden_pickaxe":1,"minecraft:cooked_chicken":1,"minecraft:stone_pickaxe":1,"minecraft:wooden_axe":1,"minecraft:stone_sword":1,"minecraft:furnace":1,"minecraft:white_bed":1,"minecraft:spruce_boat":1,"minecraft:torch":24,"minecraft:stone_axe":1,"minecraft:cooked_mutton":5},"minecraft:dropped":{"minecraft:torch":4,"minecraft:feather":3,"minecraft:rotten_flesh":1},"minecraft:picked_up":{"minecraft:crafting_table":6,"minecraft:feather":3,"minecraft:chicken":2,"minecraft:brown_wool":2,"minecraft:leather":3,"minecraft:torch":4,"minecraft:porkchop":3,"minecraft:spruce_sapling":1,"minecraft:white_bed":1,"minecraft:spruce_log":16,"minecraft:rotten_flesh":1,"minecraft:wheat_seeds":1,"minecraft:beef":5,"minecraft:gray_wool":1,"minecraft:light_gray_wool":1,"minecraft:black_wool":2,"minecraft:mutton":30,"minecraft:coal":18,"minecraft:white_wool":13,"minecraft:cobblestone":26,"minecraft:furnace":1},"minecraft:mined":{"minecraft:white_bed":1,"minecraft:furnace":1,"minecraft:spruce_log":16,"minecraft:crafting_table":6,"minecraft:short_grass":2,"minecraft:coal_ore":18,"minecraft:spruce_leaves":6,"minecraft:stone":26,"minecraft:oak_leaves":1},"minecraft:used":{"minecraft:spruce_boat":1,"minecraft:cooked_mutton":2,"minecraft:wooden_axe":17,"minecraft:stone_sword":53,"minecraft:chicken":1,"minecraft:stone_pickaxe":32,"minecraft:wooden_pickaxe":13,"minecraft:stone_axe":10,"minecraft:torch":3,"minecraft:crafting_table":6,"minecraft:furnace":1,"minecraft:white_bed":1,"minecraft:cooked_beef":1},"minecraft:custom":{"minecraft:time_since_rest":11710,"minecraft:interact_with_furnace":7,"minecraft:sprint_one_cm":85320,"minecraft:damage_taken":120,"minecraft:walk_one_cm":57642,"minecraft:mob_kills":28,"minecraft:drop":8,"minecraft:damage_dealt":2490,"minecraft:swim_one_cm":5079,"minecraft:interact_with_crafting_table":9,"minecraft:fly_one_cm":45473,"minecraft:crouch_one_cm":1241,"minecraft:play_time":26154,"minecraft:sneak_time":375,"minecraft:walk_under_water_one_cm":2405,"minecraft:boat_one_cm":26240,"minecraft:jump":358,"minecraft:leave_game":1,"minecraft:time_since_death":26154,"minecraft:walk_on_water_one_cm":4410,"minecraft:sleep_in_bed":1,"minecraft:total_world_time":26154,"minecraft:fall_one_cm":6738},"minecraft:killed":{"minecraft:sheep":19,"minecraft:zombie":2,"minecraft:pig":1,"minecraft:chicken":2,"minecraft:cow":4}},"DataVersion":3953}