{"stats":{"minecraft:crafted":{"minecraft:oak_planks":12,"epicsamurai:silver_ingot":30,"minecraft:crafting_table":2,"minecraft:spruce_planks":20,"epicsamurai:white_samurai_boots_light":1,"minecraft:birch_planks":4,"minecraft:stick":16,"minecraft:iron_ingot":62,"minecraft:iron_pickaxe":2,"minecraft:gold_ingot":34,"minecraft:golden_carrot":19,"minecraft:iron_axe":1,"minecraft:dark_oak_planks":4,"sophisticatedbackpacks:iron_backpack":1,"minecraft:dried_kelp":21,"minecraft:iron_sword":1,"sophisticatedbackpacks:gold_backpack":1,"minecraft:air":0,"minecraft:gold_nugget":108},"minecraft:killed_by":{"epicsamurai:jorogumo":4,"minecraft:creeper":1,"minecraft:drowned":7,"minecraft:player":2,"realmrpg_demons:chort":1,"mowziesmobs:ferrous_wroughtnaut":1,"minecraft:skeleton":3,"creature_compendium:unseen_hand":1},"minecraft:killed":{"minecraft:cave_spider":1,"minecraft:witch":3,"minecraft:spider":9,"mowziesmobs:frostmaw":1,"seadwellers:mermorph_architect":1,"naturalist:snail":1,"minecraft:skeleton":29,"realmrpg_demons:chort":5,"minecraft:illusioner":1,"minecraft:creeper":2,"minecraft:sheep":1,"minecraft:zombie":25,"minecraft:stray":3,"minecraft:horse":1,"minecraft:llama":1,"minecraft:drowned":60,"naturalist:cardinal":1,"graveyard:ghoul":1,"naturalist:butterfly":2,"minecraft:enderman":1},"minecraft:picked_up":{"epicsamurai:cloth":1,"minecraft:wheat":4,"minecraft:light_gray_shulker_box":10,"minecraft:brown_bed":6,"minecraft:potion":2,"minecraft:enchanted_book":1,"seadwellers:aquamarine":17,"minecraft:stone_brick_stairs":1,"minecraft:crimson_planks":25,"minecraft:music_disc_cat":1,"minecraft:string":31,"minecraft:iron_leggings":2,"dynamictrees:dark_oak_seed":1,"minecraft:cobbled_deepslate":36,"minecraft:spruce_planks":17,"dynamictrees:oak_seed":12,"minecraft:iron_pickaxe":1,"minecraft:tipped_arrow":9,"minecraft:stick":48,"minecraft:composter":1,"minecraft:oak_fence":1,"minecraft:torch":4,"biomesoplenty:umbran_planks":1,"minecraft:porkchop":1,"minecraft:dried_kelp":6,"minecraft:rotten_flesh":81,"minecraft:cyan_terracotta":1,"minecraft:music_disc_wait":1,"minecraft:iron_bars":5,"minecraft:cobblestone":150,"minecraft:nautilus_shell":1,"minecraft:birch_log":1,"farmersdelight:rice":6,"minecraft:water_bucket":4,"minecraft:andesite":8,"minecraft:dark_oak_boat":1,"farmersdelight:bacon":3,"paraglider:spirit_orb":3,"minecraft:flint":3,"minecraft:map":1,"minecraft:lapis_lazuli":37,"minecraft:dirt":35,"minecraft:lantern":1,"minecraft:name_tag":3,"minecraft:leather_boots":1,"minecraft:bone":83,"minecraft:bow":1,"minecraft:wheat_seeds":3,"minecraft:raw_gold":18,"minecraft:cobbled_deepslate_slab":2,"minecraft:glowstone_dust":2,"epicsamurai:raw_silver":68,"minecraft:oak_planks":2,"minecraft:jungle_planks":1,"minecraft:dark_oak_log":2,"minecraft:mossy_cobblestone":2,"minecraft:white_candle":4,"minecraft:diamond":3,"epicsamurai:jorogumo_eye":2,"minecraft:crossbow":1,"minecraft:granite":54,"minecraft:bone_meal":4,"minecraft:bread":173,"minecraft:emerald":9,"minecraft:dark_oak_fence":3,"sophisticatedbackpacks:gold_backpack":5,"minecraft:crafting_table":2,"minecraft:ladder":1,"minecraft:leather_leggings":2,"minecraft:gold_block":2,"minecraft:crimson_trapdoor":6,"gravestone:obituary":15,"minecraft:shield":1,"minecraft:red_bed":9,"minecraft:iron_axe":1,"minecraft:flint_and_steel":1,"minecraft:quartz_slab":1,"epicsamurai:jade":10,"minecraft:cracked_stone_bricks":2,"minecraft:beef":2,"regions_unexplored:peat_podzol":6,"minecraft:spruce_slab":1,"minecraft:lectern":1,"minecraft:spruce_trapdoor":1,"minecraft:egg":2,"minecraft:sandstone":1,"minecraft:raw_iron":85,"minecraft:polished_deepslate_slab":1,"minecraft:copper_ingot":7,"minecraft:cookie":4,"creature_compendium:iron_golem_mace":1,"minecraft:trident":1,"minecraft:carrot":129,"minecraft:redstone":4,"minecraft:prismarine_crystals":2,"minecraft:arrow":21,"minecraft:hay_block":36,"mowziesmobs:ice_crystal":2,"minecraft:gold_ingot":13,"sophisticatedbackpacks:copper_backpack":1,"minecraft:mutton":6,"minecraft:skeleton_skull":4,"minecraft:white_wool":1,"regions_unexplored:peat_dirt":6,"minecraft:golden_carrot":9,"regions_unexplored:hanging_prismarite":2,"minecraft:leather":6,"minecraft:filled_map":2,"minecraft:oak_log":3,"minecraft:chainmail_chestplate":2,"minecraft:yellow_bed":16,"minecraft:gunpowder":2,"mowziesmobs:wrought_axe":1,"farmersdelight:flint_knife":1,"minecraft:blue_bed":2,"minecraft:stone_bricks":1,"minecraft:kelp":1,"dynamictrees:birch_seed":6,"minecraft:spruce_wood":7,"minecraft:iron_ingot":4,"minecraft:stone_pickaxe":1,"minecraft:glass_bottle":3,"epicsamurai:aquamarine":1,"minecraft:gray_bed":7,"minecraft:iron_sword":1,"minecraft:book":15,"epicsamurai:onyx":10,"minecraft:sweet_berries":10,"minecraft:gravel":1,"minecraft:lava_bucket":1,"minecraft:dead_fire_coral_block":1,"mowziesmobs:wrought_helmet":1,"minecraft:white_bed":10,"minecraft:spider_eye":6,"minecraft:leather_helmet":2,"minecraft:stone_axe":1,"minecraft:iron_helmet":1,"minecraft:mossy_cobblestone_stairs":1,"minecraft:coal":41},"minecraft:dropped":{"minecraft:iron_sword":2,"minecraft:lapis_lazuli":4,"minecraft:cooked_beef":7,"minecraft:glass_bottle":2,"minecraft:diamond":3,"epicsamurai:onyx":6,"mowziesmobs:ice_crystal":1,"minecraft:crossbow":1,"minecraft:leather_helmet":4,"minecraft:gold_block":1,"minecraft:dirt":19,"minecraft:red_bed":1,"minecraft:dark_oak_log":1,"minecraft:dark_oak_fence":3,"minecraft:coast_armor_trim_smithing_template":2,"epicsamurai:jade":7,"gravestone:obituary":21,"minecraft:iron_pickaxe":2,"minecraft:gold_ingot":5,"minecraft:bone":3,"dynamictrees:oak_seed":12,"minecraft:iron_nugget":13,"seadwellers:aquamarine":2,"minecraft:wheat":2,"minecraft:rotten_flesh":31,"minecraft:dead_fire_coral_block":1,"minecraft:chainmail_chestplate":1,"minecraft:gunpowder":2,"minecraft:skeleton_skull":2,"regions_unexplored:hanging_prismarite":2,"minecraft:leather_leggings":1,"minecraft:arrow":2,"minecraft:iron_bars":2,"minecraft:wheat_seeds":2,"minecraft:clock":1,"dynamictrees:birch_seed":6,"dynamictrees:dark_oak_seed":1,"minecraft:cobblestone":31,"minecraft:iron_helmet":3,"minecraft:apple":9,"minecraft:stick":24,"minecraft:map":3,"epicsamurai:jorogumo_eye":2,"minecraft:potion":3,"minecraft:iron_leggings":5,"minecraft:dried_kelp":15,"epicsamurai:cloth":1,"minecraft:golden_hoe":1,"minecraft:wither_rose":3,"minecraft:iron_axe":2,"minecraft:music_disc_wait":2,"minecraft:string":2,"minecraft:music_disc_cat":1,"minecraft:kelp":1,"epicsamurai:silver_ingot":30,"minecraft:iron_boots":1,"minecraft:name_tag":3,"minecraft:cobbled_deepslate_slab":2,"minecraft:filled_map":4,"minecraft:oak_sapling":6,"minecraft:bow":5},"minecraft:custom":{"minecraft:interact_with_crafting_table":18,"minecraft:open_barrel":121,"minecraft:open_shulker_box":19,"minecraft:leave_game":11,"minecraft:time_since_death":71605,"minecraft:sprint_one_cm":1270488,"minecraft:damage_blocked_by_shield":676,"minecraft:drop":173,"minecraft:talked_to_villager":11,"minecraft:play_time":510691,"minecraft:deaths":23,"minecraft:jump":5924,"minecraft:interact_with_brewingstand":1,"minecraft:walk_on_water_one_cm":230543,"minecraft:interact_with_furnace":4,"minecraft:interact_with_cartography_table":2,"minecraft:sleep_in_bed":3,"minecraft:waystone_activated":1,"minecraft:damage_dealt":34269,"minecraft:crouch_one_cm":17937,"minecraft:interact_with_smoker":8,"minecraft:horse_one_cm":144425,"minecraft:mob_kills":160,"minecraft:climb_one_cm":22629,"minecraft:walk_one_cm":2171699,"minecraft:damage_dealt_absorbed":65,"minecraft:sneak_time":6407,"minecraft:walk_under_water_one_cm":254629,"minecraft:boat_one_cm":376704,"minecraft:interact_with_blast_furnace":68,"minecraft:total_world_time":510691,"minecraft:interact_with_grindstone":1,"minecraft:time_since_rest":71637,"minecraft:damage_taken":13161,"minecraft:swim_one_cm":559167,"minecraft:fly_one_cm":1088704,"minecraft:open_chest":465,"minecraft:fall_one_cm":141280},"minecraft:mined":{"minecraft:spruce_planks":2,"minecraft:white_bed":10,"minecraft:granite":50,"biomesoplenty:umbran_planks":1,"epicsamurai:silver_ore":4,"minecraft:crimson_trapdoor":2,"minecraft:grass_block":5,"realmrpg_skeletons:dungeon_crawler_skeleton":1,"epicsamurai:deepslate_jade_ore":10,"minecraft:mossy_cobblestone_slab":1,"minecraft:mossy_cobblestone_stairs":1,"minecraft:iron_ore":25,"minecraft:deepslate_lapis_ore":6,"minecraft:brown_bed":5,"regions_unexplored:pine_leaves":1,"realmrpg_skeletons:devastated_skeleton":2,"minecraft:polished_deepslate_slab":4,"minecraft:quartz_slab":1,"minecraft:iron_bars":4,"epicsamurai:deepslate_silver_ore":64,"minecraft:spruce_wood":7,"graveyard:wither_skull_pile":1,"minecraft:spruce_slab":1,"minecraft:red_bed":8,"minecraft:cyan_terracotta":3,"realmrpg_skeletons:winter_skeleton":1,"minecraft:powder_snow":4,"minecraft:torch":1,"regions_unexplored:peat_grass_block":1,"minecraft:cobblestone":7,"minecraft:white_candle":1,"graveyard:lying_skeleton":1,"minecraft:oak_planks":2,"minecraft:wall_torch":3,"minecraft:skeleton_skull":3,"realmrpg_skeletons:bow_skeleton":1,"realmrpg_skeletons:webbed_skeleton":2,"realmrpg_skeletons:acrobat_skeleton":1,"minecraft:stone_brick_stairs":1,"minecraft:grass":7,"biomesoplenty:clover":1,"minecraft:oak_log":1,"regions_unexplored:peat_dirt":5,"minecraft:sand":1,"minecraft:dirt":5,"minecraft:crimson_planks":7,"realmrpg_skeletons:unsaved_skeleton":1,"minecraft:oak_leaves":2,"minecraft:deepslate":23,"realmrpg_skeletons:waterdrop_skeleton":2,"epicsamurai:deepslate_onyx_ore":7,"minecraft:deepslate_diamond_ore":3,"minecraft:dark_oak_log":2,"gravestone:gravestone":21,"minecraft:ladder":1,"minecraft:dark_oak_fence":3,"minecraft:cobbled_deepslate_slab":2,"minecraft:jungle_planks":1,"seadwellers:aquamarine_crystal":1,"minecraft:sandstone":1,"minecraft:large_fern":1,"minecraft:hay_block":36,"epicsamurai:onyx_ore":3,"minecraft:carrots":23,"minecraft:light_gray_shulker_box":9,"minecraft:andesite":9,"minecraft:bookshelf":5,"minecraft:deepslate_iron_ore":60,"minecraft:lantern":1,"regions_unexplored:medium_grass":2,"realmrpg_skeletons:trident_skeleton":1,"minecraft:stone":165,"minecraft:podzol":2,"epicsamurai:deepslate_aquamarine_ore":1,"minecraft:oak_fence":1,"minecraft:crafting_table":1,"realmrpg_skeletons:basic_skeleton":2,"minecraft:lectern":1,"minecraft:lapis_ore":1,"minecraft:deepslate_gold_ore":13,"minecraft:blue_bed":2,"minecraft:sweet_berry_bush":4,"minecraft:ice":1,"minecraft:gray_bed":6,"minecraft:yellow_bed":14,"realmrpg_skeletons:melted_skeleton":1,"minecraft:coal_ore":31,"minecraft:cobweb":14,"minecraft:cracked_stone_bricks":3,"minecraft:stone_bricks":1,"minecraft:gold_ore":6,"regions_unexplored:peat_podzol":6,"minecraft:fern":2},"minecraft:used":{"minecraft:spruce_slab":1,"minecraft:ladder":1,"minecraft:chest":4,"minecraft:shield":29,"minecraft:iron_sword":485,"minecraft:iron_chestplate":1,"minecraft:jungle_planks":1,"minecraft:carrot":25,"minecraft:spruce_wood":3,"minecraft:lantern":1,"minecraft:stone_brick_stairs":1,"minecraft:stone_bricks":1,"minecraft:dark_oak_boat":1,"minecraft:hay_block":36,"minecraft:sweet_berries":13,"minecraft:gray_bed":6,"minecraft:skeleton_skull":2,"minecraft:stone_pickaxe":91,"minecraft:oak_planks":2,"minecraft:composter":1,"minecraft:blue_bed":2,"biomesoplenty:umbran_planks":1,"minecraft:bread":139,"minecraft:lectern":1,"minecraft:oak_fence":1,"minecraft:trident":5,"minecraft:iron_bars":2,"minecraft:dried_kelp":12,"minecraft:spruce_planks":2,"minecraft:cooked_salmon":6,"minecraft:light_gray_shulker_box":12,"minecraft:torch":29,"minecraft:dirt":10,"farmersdelight:flint_knife":11,"creature_compendium:iron_golem_mace":51,"minecraft:granite":37,"mowziesmobs:wrought_helmet":1,"minecraft:iron_axe":60,"minecraft:iron_boots":1,"minecraft:crimson_planks":25,"minecraft:barrel":2,"minecraft:cobbled_deepslate":6,"minecraft:brown_bed":6,"minecraft:water_bucket":1,"regions_unexplored:peat_dirt":6,"minecraft:cracked_stone_bricks":2,"minecraft:mossy_cobblestone":2,"regions_unexplored:peat_podzol":6,"minecraft:crafting_table":4,"minecraft:red_bed":6,"minecraft:crimson_trapdoor":2,"minecraft:white_bed":10,"mowziesmobs:wrought_axe":22,"epicsamurai:white_samurai_boots_light":1,"minecraft:iron_pickaxe":448,"minecraft:stone_axe":21,"minecraft:cobblestone":67,"minecraft:yellow_bed":16},"minecraft:broken":{"minecraft:iron_boots":1,"minecraft:iron_pickaxe":1}},"DataVersion":3465}