{"stats":{"minecraft:crafted":{"minecraft:iron_axe":1,"minecraft:crafting_table":1,"minecraft:spruce_planks":20,"minecraft:dried_kelp":21,"minecraft:iron_sword":1,"minecraft:stick":8,"minecraft:iron_pickaxe":1,"minecraft:gold_ingot":8},"minecraft:killed":{"minecraft:witch":3,"minecraft:spider":3,"seadwellers:mermorph_architect":1,"naturalist:snail":1,"minecraft:horse":1,"minecraft:skeleton":4,"minecraft:llama":1,"realmrpg_demons:chort":1,"naturalist:cardinal":1,"naturalist:butterfly":2,"minecraft:sheep":1,"minecraft:zombie":2},"minecraft:killed_by":{"epicsamurai:jorogumo":1,"realmrpg_demons:chort":1,"minecraft:creeper":1,"minecraft:drowned":1,"minecraft:skeleton":3},"minecraft:picked_up":{"epicsamurai:cloth":1,"minecraft:crafting_table":1,"minecraft:wheat":2,"minecraft:light_gray_shulker_box":6,"minecraft:enchanted_book":1,"minecraft:potion":2,"minecraft:stone_brick_stairs":1,"gravestone:obituary":1,"minecraft:shield":1,"minecraft:red_bed":3,"minecraft:string":23,"minecraft:iron_axe":1,"minecraft:iron_leggings":1,"minecraft:cracked_stone_bricks":2,"dynamictrees:dark_oak_seed":1,"minecraft:spruce_planks":15,"minecraft:beef":2,"regions_unexplored:peat_podzol":6,"minecraft:egg":1,"minecraft:stick":24,"minecraft:sandstone":1,"minecraft:porkchop":1,"minecraft:dried_kelp":6,"minecraft:redstone":3,"minecraft:arrow":1,"minecraft:cyan_terracotta":1,"minecraft:gold_ingot":5,"minecraft:mutton":6,"minecraft:iron_bars":5,"minecraft:skeleton_skull":1,"minecraft:white_wool":1,"minecraft:cobblestone":131,"regions_unexplored:peat_dirt":5,"farmersdelight:rice":6,"minecraft:water_bucket":2,"minecraft:andesite":8,"minecraft:dark_oak_boat":1,"minecraft:filled_map":1,"farmersdelight:bacon":3,"paraglider:spirit_orb":2,"farmersdelight:flint_knife":1,"minecraft:dirt":7,"minecraft:lantern":1,"minecraft:bone":8,"minecraft:stone_bricks":1,"minecraft:kelp":1,"minecraft:spruce_wood":7,"minecraft:stone_pickaxe":1,"minecraft:glass_bottle":3,"minecraft:glowstone_dust":2,"minecraft:gray_bed":1,"minecraft:book":15,"minecraft:sweet_berries":10,"minecraft:dead_fire_coral_block":1,"minecraft:jungle_planks":1,"minecraft:leather_helmet":2,"minecraft:dark_oak_log":1,"minecraft:spider_eye":6,"minecraft:mossy_cobblestone":2,"minecraft:stone_axe":1,"minecraft:iron_helmet":1,"minecraft:granite":54,"minecraft:emerald":5,"minecraft:bread":173,"minecraft:coal":15},"minecraft:dropped":{"minecraft:glass_bottle":2,"dynamictrees:dark_oak_seed":1,"minecraft:cobblestone":28,"minecraft:leather_helmet":4,"minecraft:stick":24,"minecraft:dirt":1,"minecraft:red_bed":1,"minecraft:dark_oak_log":1,"minecraft:dried_kelp":15,"epicsamurai:cloth":1,"gravestone:obituary":4,"minecraft:golden_hoe":1,"minecraft:iron_axe":2,"minecraft:iron_pickaxe":1,"minecraft:gold_ingot":5,"minecraft:kelp":1,"minecraft:iron_nugget":13,"minecraft:iron_boots":1,"minecraft:dead_fire_coral_block":1,"minecraft:filled_map":1,"minecraft:skeleton_skull":1,"minecraft:iron_bars":2},"minecraft:custom":{"minecraft:mob_kills":21,"minecraft:interact_with_crafting_table":2,"minecraft:open_barrel":34,"minecraft:open_shulker_box":9,"minecraft:leave_game":5,"minecraft:time_since_death":25408,"minecraft:climb_one_cm":2383,"minecraft:sprint_one_cm":306471,"minecraft:walk_one_cm":543487,"minecraft:damage_blocked_by_shield":75,"minecraft:drop":33,"minecraft:talked_to_villager":4,"minecraft:play_time":153288,"minecraft:deaths":8,"minecraft:sneak_time":3504,"minecraft:walk_under_water_one_cm":38244,"minecraft:boat_one_cm":376704,"minecraft:jump":1790,"minecraft:interact_with_brewingstand":1,"minecraft:interact_with_blast_furnace":4,"minecraft:walk_on_water_one_cm":77527,"minecraft:total_world_time":153288,"minecraft:sleep_in_bed":3,"minecraft:time_since_rest":25444,"minecraft:waystone_activated":1,"minecraft:damage_taken":2941,"minecraft:damage_dealt":5039,"minecraft:swim_one_cm":112119,"minecraft:fly_one_cm":230093,"minecraft:open_chest":87,"minecraft:crouch_one_cm":3995,"minecraft:interact_with_smoker":5,"minecraft:fall_one_cm":40393},"minecraft:mined":{"realmrpg_skeletons:waterdrop_skeleton":1,"minecraft:dark_oak_log":1,"gravestone:gravestone":5,"minecraft:granite":50,"minecraft:grass_block":2,"minecraft:jungle_planks":1,"minecraft:sandstone":1,"minecraft:large_fern":1,"minecraft:mossy_cobblestone_slab":1,"minecraft:light_gray_shulker_box":6,"minecraft:andesite":9,"regions_unexplored:pine_leaves":1,"minecraft:bookshelf":5,"minecraft:iron_bars":4,"minecraft:lantern":1,"regions_unexplored:medium_grass":1,"minecraft:spruce_wood":7,"minecraft:stone":98,"minecraft:podzol":2,"minecraft:cyan_terracotta":3,"minecraft:red_bed":2,"realmrpg_skeletons:basic_skeleton":1,"minecraft:cobblestone":5,"minecraft:skeleton_skull":1,"minecraft:sweet_berry_bush":4,"minecraft:stone_brick_stairs":1,"minecraft:grass":2,"minecraft:coal_ore":12,"regions_unexplored:peat_dirt":5,"minecraft:sand":1,"minecraft:dirt":2,"minecraft:cobweb":11,"minecraft:cracked_stone_bricks":3,"minecraft:stone_bricks":1,"realmrpg_skeletons:unsaved_skeleton":1,"minecraft:oak_leaves":2,"regions_unexplored:peat_podzol":6,"minecraft:fern":1},"minecraft:used":{"minecraft:iron_bars":2,"minecraft:dried_kelp":12,"minecraft:shield":2,"minecraft:iron_sword":108,"minecraft:cooked_salmon":6,"minecraft:light_gray_shulker_box":6,"minecraft:dirt":5,"farmersdelight:flint_knife":6,"minecraft:jungle_planks":1,"minecraft:granite":37,"minecraft:spruce_wood":3,"minecraft:lantern":1,"minecraft:iron_axe":6,"minecraft:stone_brick_stairs":1,"minecraft:stone_bricks":1,"minecraft:dark_oak_boat":1,"minecraft:sweet_berries":13,"minecraft:stone_pickaxe":44,"regions_unexplored:peat_dirt":5,"minecraft:cracked_stone_bricks":2,"minecraft:mossy_cobblestone":2,"regions_unexplored:peat_podzol":6,"minecraft:bread":3,"minecraft:iron_pickaxe":155,"minecraft:cobblestone":13}},"DataVersion":3465}