{"stats":{"minecraft:mined":{"realmrpg_skeletons:waterdrop_skeleton":1,"epicsamurai:deepslate_onyx_ore":6,"minecraft:deepslate_diamond_ore":3,"minecraft:dark_oak_log":1,"gravestone:gravestone":7,"minecraft:granite":50,"minecraft:grass_block":2,"minecraft:jungle_planks":1,"seadwellers:aquamarine_crystal":1,"minecraft:sandstone":1,"realmrpg_skeletons:dungeon_crawler_skeleton":1,"minecraft:large_fern":1,"epicsamurai:onyx_ore":3,"epicsamurai:deepslate_jade_ore":7,"minecraft:mossy_cobblestone_slab":1,"minecraft:iron_ore":7,"minecraft:light_gray_shulker_box":8,"minecraft:andesite":9,"minecraft:deepslate_lapis_ore":6,"regions_unexplored:pine_leaves":1,"minecraft:bookshelf":5,"minecraft:deepslate_iron_ore":26,"minecraft:lantern":1,"minecraft:iron_bars":4,"epicsamurai:deepslate_silver_ore":43,"regions_unexplored:medium_grass":1,"minecraft:spruce_wood":7,"realmrpg_skeletons:trident_skeleton":1,"minecraft:stone":101,"minecraft:podzol":2,"minecraft:red_bed":2,"minecraft:cyan_terracotta":3,"realmrpg_skeletons:basic_skeleton":2,"minecraft:cobblestone":6,"minecraft:deepslate_gold_ore":7,"minecraft:oak_planks":1,"minecraft:skeleton_skull":2,"realmrpg_skeletons:webbed_skeleton":2,"minecraft:sweet_berry_bush":4,"minecraft:stone_brick_stairs":1,"minecraft:grass":2,"realmrpg_skeletons:melted_skeleton":1,"minecraft:coal_ore":31,"regions_unexplored:peat_dirt":5,"minecraft:sand":1,"minecraft:dirt":2,"minecraft:cobweb":14,"minecraft:cracked_stone_bricks":3,"minecraft:stone_bricks":1,"realmrpg_skeletons:unsaved_skeleton":1,"minecraft:oak_leaves":2,"minecraft:deepslate":17,"regions_unexplored:peat_podzol":6,"minecraft:fern":1},"minecraft:picked_up":{"epicsamurai:cloth":1,"minecraft:crafting_table":1,"minecraft:wheat":2,"minecraft:light_gray_shulker_box":9,"minecraft:potion":2,"minecraft:enchanted_book":1,"seadwellers:aquamarine":2,"minecraft:stone_brick_stairs":1,"gravestone:obituary":1,"minecraft:shield":1,"minecraft:flint_and_steel":1,"minecraft:string":26,"minecraft:red_bed":3,"minecraft:iron_axe":1,"minecraft:iron_leggings":1,"epicsamurai:jade":7,"minecraft:cracked_stone_bricks":2,"dynamictrees:dark_oak_seed":1,"minecraft:cobbled_deepslate":16,"minecraft:spruce_planks":15,"minecraft:beef":2,"regions_unexplored:peat_podzol":6,"minecraft:iron_pickaxe":1,"minecraft:spruce_trapdoor":1,"minecraft:egg":1,"minecraft:sandstone":1,"minecraft:stick":27,"minecraft:raw_iron":32,"minecraft:porkchop":1,"minecraft:dried_kelp":6,"minecraft:redstone":3,"minecraft:prismarine_crystals":2,"minecraft:arrow":10,"minecraft:rotten_flesh":8,"minecraft:cyan_terracotta":1,"minecraft:gold_ingot":13,"sophisticatedbackpacks:copper_backpack":1,"minecraft:mutton":6,"minecraft:cobblestone":147,"minecraft:iron_bars":5,"minecraft:skeleton_skull":2,"minecraft:white_wool":1,"regions_unexplored:peat_dirt":5,"farmersdelight:rice":6,"regions_unexplored:hanging_prismarite":2,"minecraft:water_bucket":3,"minecraft:andesite":8,"minecraft:dark_oak_boat":1,"minecraft:filled_map":1,"farmersdelight:bacon":3,"paraglider:spirit_orb":2,"farmersdelight:flint_knife":1,"minecraft:lapis_lazuli":37,"minecraft:dirt":15,"minecraft:lantern":1,"minecraft:name_tag":3,"minecraft:bone":22,"minecraft:stone_bricks":1,"minecraft:kelp":1,"minecraft:raw_gold":7,"minecraft:spruce_wood":7,"minecraft:iron_ingot":4,"minecraft:stone_pickaxe":1,"minecraft:glass_bottle":3,"minecraft:glowstone_dust":2,"minecraft:gray_bed":1,"epicsamurai:raw_silver":43,"minecraft:oak_planks":1,"minecraft:book":15,"epicsamurai:onyx":9,"minecraft:sweet_berries":10,"minecraft:gravel":1,"minecraft:dead_fire_coral_block":1,"minecraft:jungle_planks":1,"minecraft:dark_oak_log":1,"minecraft:spider_eye":6,"minecraft:mossy_cobblestone":2,"minecraft:leather_helmet":2,"minecraft:diamond":3,"minecraft:stone_axe":1,"minecraft:iron_helmet":1,"minecraft:granite":54,"minecraft:emerald":5,"minecraft:bread":173,"minecraft:coal":38},"minecraft:dropped":{"minecraft:lapis_lazuli":4,"minecraft:clock":1,"minecraft:cooked_beef":7,"minecraft:glass_bottle":2,"minecraft:diamond":3,"epicsamurai:onyx":6,"dynamictrees:dark_oak_seed":1,"minecraft:cobblestone":28,"minecraft:leather_helmet":4,"minecraft:stick":24,"minecraft:dirt":1,"minecraft:red_bed":1,"minecraft:dark_oak_log":1,"minecraft:coast_armor_trim_smithing_template":2,"epicsamurai:jade":7,"minecraft:potion":3,"minecraft:dried_kelp":15,"epicsamurai:cloth":1,"gravestone:obituary":4,"minecraft:golden_hoe":1,"minecraft:iron_axe":2,"minecraft:iron_pickaxe":2,"minecraft:gold_ingot":5,"minecraft:kelp":1,"minecraft:iron_nugget":13,"epicsamurai:silver_ingot":30,"seadwellers:aquamarine":2,"minecraft:iron_boots":1,"minecraft:name_tag":3,"minecraft:dead_fire_coral_block":1,"minecraft:filled_map":1,"minecraft:skeleton_skull":1,"regions_unexplored:hanging_prismarite":2,"minecraft:iron_bars":2},"minecraft:used":{"minecraft:iron_bars":2,"minecraft:dried_kelp":12,"minecraft:shield":6,"minecraft:iron_sword":221,"minecraft:cooked_salmon":6,"minecraft:light_gray_shulker_box":10,"minecraft:torch":25,"minecraft:iron_chestplate":1,"minecraft:dirt":6,"farmersdelight:flint_knife":8,"minecraft:jungle_planks":1,"minecraft:granite":37,"minecraft:spruce_wood":3,"minecraft:lantern":1,"minecraft:iron_axe":6,"minecraft:stone_brick_stairs":1,"minecraft:stone_bricks":1,"minecraft:dark_oak_boat":1,"minecraft:sweet_berries":13,"minecraft:skeleton_skull":1,"minecraft:cobbled_deepslate":1,"minecraft:water_bucket":1,"minecraft:stone_pickaxe":89,"minecraft:oak_planks":1,"regions_unexplored:peat_dirt":5,"minecraft:cracked_stone_bricks":2,"minecraft:mossy_cobblestone":2,"regions_unexplored:peat_podzol":6,"minecraft:bread":42,"minecraft:iron_pickaxe":269,"minecraft:stone_axe":2,"minecraft:cobblestone":67},"minecraft:killed":{"minecraft:cave_spider":1,"minecraft:witch":3,"minecraft:spider":7,"seadwellers:mermorph_architect":1,"naturalist:snail":1,"minecraft:skeleton":16,"minecraft:horse":1,"minecraft:llama":1,"realmrpg_demons:chort":3,"naturalist:cardinal":1,"naturalist:butterfly":2,"minecraft:creeper":2,"minecraft:sheep":1,"minecraft:zombie":12,"minecraft:enderman":1},"minecraft:crafted":{"epicsamurai:silver_ingot":30,"minecraft:iron_axe":1,"sophisticatedbackpacks:iron_backpack":1,"minecraft:crafting_table":1,"minecraft:spruce_planks":20,"minecraft:dried_kelp":21,"minecraft:iron_sword":1,"sophisticatedbackpacks:gold_backpack":1,"minecraft:stick":8,"minecraft:iron_pickaxe":1,"minecraft:gold_ingot":8},"minecraft:custom":{"minecraft:mob_kills":53,"minecraft:interact_with_crafting_table":9,"minecraft:open_barrel":34,"minecraft:open_shulker_box":13,"minecraft:leave_game":7,"minecraft:time_since_death":3811,"minecraft:climb_one_cm":4429,"minecraft:sprint_one_cm":668591,"minecraft:walk_one_cm":988766,"minecraft:damage_blocked_by_shield":195,"minecraft:drop":55,"minecraft:talked_to_villager":5,"minecraft:play_time":250919,"minecraft:sneak_time":4797,"minecraft:deaths":10,"minecraft:walk_under_water_one_cm":72426,"minecraft:boat_one_cm":376704,"minecraft:jump":3583,"minecraft:interact_with_brewingstand":1,"minecraft:interact_with_blast_furnace":44,"minecraft:walk_on_water_one_cm":123045,"minecraft:total_world_time":250919,"minecraft:interact_with_furnace":4,"minecraft:interact_with_cartography_table":1,"minecraft:sleep_in_bed":3,"minecraft:time_since_rest":3940,"minecraft:waystone_activated":1,"minecraft:damage_taken":5184,"minecraft:damage_dealt":12369,"minecraft:swim_one_cm":143473,"minecraft:fly_one_cm":519826,"minecraft:open_chest":132,"minecraft:crouch_one_cm":10332,"minecraft:interact_with_smoker":7,"minecraft:fall_one_cm":91914},"minecraft:killed_by":{"epicsamurai:jorogumo":1,"realmrpg_demons:chort":1,"minecraft:creeper":1,"minecraft:drowned":1,"minecraft:skeleton":3}},"DataVersion":3465}