{"stats":{"minecraft:crafted":{"minecraft:crafting_table":1,"minecraft:spruce_planks":20,"minecraft:dried_kelp":21,"minecraft:iron_sword":1,"minecraft:iron_axe":1,"minecraft:stick":8,"minecraft:iron_pickaxe":1,"minecraft:gold_ingot":8},"minecraft:killed":{"minecraft:witch":3,"naturalist:butterfly":2,"minecraft:spider":3,"seadwellers:mermorph_architect":1,"naturalist:snail":1,"minecraft:horse":1,"minecraft:sheep":1,"minecraft:skeleton":3,"minecraft:zombie":2,"minecraft:llama":1,"naturalist:cardinal":1},"minecraft:killed_by":{"epicsamurai:jorogumo":1,"realmrpg_demons:chort":1,"minecraft:skeleton":3,"minecraft:creeper":1,"minecraft:drowned":1},"minecraft:picked_up":{"epicsamurai:cloth":1,"regions_unexplored:peat_dirt":5,"minecraft:crafting_table":1,"farmersdelight:rice":6,"minecraft:water_bucket":2,"minecraft:andesite":1,"minecraft:dark_oak_boat":1,"minecraft:filled_map":1,"farmersdelight:bacon":3,"paraglider:spirit_orb":2,"gravestone:obituary":1,"minecraft:shield":1,"farmersdelight:flint_knife":1,"minecraft:dirt":4,"minecraft:string":23,"minecraft:red_bed":3,"minecraft:lantern":1,"minecraft:iron_leggings":1,"minecraft:bone":8,"minecraft:kelp":1,"dynamictrees:dark_oak_seed":1,"minecraft:spruce_planks":15,"minecraft:spruce_wood":7,"minecraft:beef":2,"regions_unexplored:peat_podzol":6,"minecraft:glass_bottle":3,"minecraft:glowstone_dust":2,"minecraft:gray_bed":1,"minecraft:egg":1,"minecraft:book":15,"minecraft:stick":12,"minecraft:sandstone":1,"minecraft:sweet_berries":10,"minecraft:jungle_planks":1,"minecraft:dead_fire_coral_block":1,"minecraft:porkchop":1,"minecraft:dried_kelp":6,"minecraft:redstone":3,"minecraft:dark_oak_log":1,"minecraft:spider_eye":6,"minecraft:mossy_cobblestone":2,"minecraft:granite":51,"minecraft:cyan_terracotta":1,"minecraft:bread":112,"minecraft:gold_ingot":5,"minecraft:emerald":5,"minecraft:mutton":6,"minecraft:skeleton_skull":1,"minecraft:iron_bars":5,"minecraft:coal":7,"minecraft:white_wool":1,"minecraft:cobblestone":78},"minecraft:dropped":{"minecraft:kelp":1,"minecraft:iron_nugget":13,"minecraft:glass_bottle":2,"dynamictrees:dark_oak_seed":1,"minecraft:dead_fire_coral_block":1,"minecraft:filled_map":1,"minecraft:dirt":1,"minecraft:red_bed":1,"minecraft:dark_oak_log":1,"minecraft:skeleton_skull":1,"minecraft:dried_kelp":15,"gravestone:obituary":4,"epicsamurai:cloth":1,"minecraft:golden_hoe":1,"minecraft:iron_bars":2},"minecraft:custom":{"minecraft:mob_kills":19,"minecraft:interact_with_crafting_table":2,"minecraft:open_barrel":34,"minecraft:leave_game":4,"minecraft:time_since_death":1529,"minecraft:sleep_in_bed":3,"minecraft:climb_one_cm":2383,"minecraft:time_since_rest":1565,"minecraft:waystone_activated":1,"minecraft:sprint_one_cm":246818,"minecraft:damage_taken":2815,"minecraft:walk_one_cm":473782,"minecraft:damage_blocked_by_shield":75,"minecraft:drop":20,"minecraft:damage_dealt":4689,"minecraft:swim_one_cm":104426,"minecraft:talked_to_villager":4,"minecraft:fly_one_cm":206717,"minecraft:crouch_one_cm":3995,"minecraft:open_chest":48,"minecraft:play_time":129409,"minecraft:deaths":8,"minecraft:sneak_time":3502,"minecraft:walk_under_water_one_cm":37386,"minecraft:boat_one_cm":376704,"minecraft:interact_with_brewingstand":1,"minecraft:jump":1639,"minecraft:interact_with_blast_furnace":4,"minecraft:walk_on_water_one_cm":72652,"minecraft:total_world_time":129409,"minecraft:interact_with_smoker":5,"minecraft:fall_one_cm":37041},"minecraft:mined":{"minecraft:podzol":2,"realmrpg_skeletons:waterdrop_skeleton":1,"minecraft:red_bed":2,"minecraft:cyan_terracotta":3,"minecraft:dark_oak_log":1,"minecraft:granite":47,"gravestone:gravestone":4,"realmrpg_skeletons:basic_skeleton":1,"minecraft:jungle_planks":1,"minecraft:cobblestone":5,"minecraft:sandstone":1,"minecraft:skeleton_skull":1,"minecraft:large_fern":1,"minecraft:mossy_cobblestone_slab":1,"minecraft:sweet_berry_bush":4,"minecraft:andesite":1,"regions_unexplored:pine_leaves":1,"minecraft:bookshelf":5,"minecraft:grass":2,"minecraft:coal_ore":4,"regions_unexplored:peat_dirt":5,"minecraft:iron_bars":4,"minecraft:lantern":1,"minecraft:sand":1,"minecraft:dirt":1,"minecraft:cobweb":11,"regions_unexplored:medium_grass":1,"minecraft:cracked_stone_bricks":1,"minecraft:spruce_wood":7,"minecraft:stone":73,"realmrpg_skeletons:unsaved_skeleton":1,"regions_unexplored:peat_podzol":6,"minecraft:oak_leaves":2,"minecraft:fern":1},"minecraft:used":{"minecraft:iron_bars":2,"minecraft:dried_kelp":12,"regions_unexplored:peat_dirt":5,"minecraft:shield":2,"minecraft:iron_sword":103,"minecraft:cooked_salmon":6,"minecraft:mossy_cobblestone":2,"regions_unexplored:peat_podzol":6,"minecraft:dirt":2,"farmersdelight:flint_knife":6,"minecraft:jungle_planks":1,"minecraft:granite":34,"minecraft:spruce_wood":3,"minecraft:lantern":1,"minecraft:iron_axe":6,"minecraft:iron_pickaxe":144,"minecraft:cobblestone":10,"minecraft:dark_oak_boat":1,"minecraft:sweet_berries":13}},"DataVersion":3465}