{"stats":{"minecraft:mined":{"minecraft:podzol":2,"realmrpg_skeletons:waterdrop_skeleton":1,"minecraft:cyan_terracotta":3,"minecraft:red_bed":1,"minecraft:dark_oak_log":1,"gravestone:gravestone":4,"minecraft:granite":47,"realmrpg_skeletons:basic_skeleton":1,"minecraft:cobblestone":5,"minecraft:sandstone":1,"minecraft:large_fern":1,"minecraft:skeleton_skull":1,"minecraft:mossy_cobblestone_slab":1,"minecraft:sweet_berry_bush":4,"minecraft:andesite":1,"minecraft:grass":2,"minecraft:bookshelf":5,"minecraft:coal_ore":4,"minecraft:iron_bars":4,"minecraft:lantern":1,"minecraft:dirt":1,"minecraft:sand":1,"minecraft:cobweb":11,"minecraft:cracked_stone_bricks":1,"regions_unexplored:medium_grass":1,"minecraft:spruce_wood":7,"minecraft:stone":73,"realmrpg_skeletons:unsaved_skeleton":1,"minecraft:oak_leaves":2,"minecraft:fern":1},"minecraft:picked_up":{"epicsamurai:cloth":1,"minecraft:crafting_table":1,"farmersdelight:rice":6,"minecraft:water_bucket":2,"minecraft:andesite":1,"minecraft:dark_oak_boat":1,"minecraft:filled_map":1,"farmersdelight:bacon":3,"paraglider:spirit_orb":2,"minecraft:shield":1,"minecraft:lantern":1,"farmersdelight:flint_knife":1,"minecraft:dirt":4,"minecraft:string":23,"minecraft:red_bed":1,"minecraft:iron_leggings":1,"minecraft:bone":8,"minecraft:kelp":1,"dynamictrees:dark_oak_seed":1,"minecraft:spruce_planks":15,"minecraft:spruce_wood":7,"minecraft:beef":2,"minecraft:glass_bottle":3,"minecraft:glowstone_dust":2,"minecraft:gray_bed":1,"minecraft:egg":1,"minecraft:book":15,"minecraft:stick":12,"minecraft:sandstone":1,"minecraft:sweet_berries":10,"minecraft:dead_fire_coral_block":1,"minecraft:porkchop":1,"minecraft:dried_kelp":6,"minecraft:redstone":3,"minecraft:dark_oak_log":1,"minecraft:spider_eye":6,"minecraft:mossy_cobblestone":2,"minecraft:cyan_terracotta":1,"minecraft:granite":51,"minecraft:gold_ingot":5,"minecraft:emerald":5,"minecraft:bread":48,"minecraft:mutton":6,"minecraft:skeleton_skull":1,"minecraft:iron_bars":5,"minecraft:coal":7,"minecraft:white_wool":1,"minecraft:cobblestone":78},"minecraft:crafted":{"minecraft:crafting_table":1,"minecraft:spruce_planks":20,"minecraft:dried_kelp":21,"minecraft:iron_sword":1,"minecraft:iron_axe":1,"minecraft:stick":8,"minecraft:iron_pickaxe":1,"minecraft:gold_ingot":8},"minecraft:custom":{"minecraft:mob_kills":19,"minecraft:interact_with_crafting_table":2,"minecraft:open_barrel":34,"minecraft:leave_game":4,"minecraft:time_since_death":71,"minecraft:sleep_in_bed":3,"minecraft:climb_one_cm":1972,"minecraft:time_since_rest":117,"minecraft:waystone_activated":1,"minecraft:sprint_one_cm":206083,"minecraft:damage_taken":2585,"minecraft:walk_one_cm":367156,"minecraft:damage_blocked_by_shield":75,"minecraft:drop":18,"minecraft:damage_dealt":4671,"minecraft:talked_to_villager":4,"minecraft:swim_one_cm":42737,"minecraft:fly_one_cm":186643,"minecraft:open_chest":46,"minecraft:crouch_one_cm":3995,"minecraft:play_time":108278,"minecraft:deaths":7,"minecraft:sneak_time":3489,"minecraft:walk_under_water_one_cm":30836,"minecraft:boat_one_cm":376704,"minecraft:interact_with_brewingstand":1,"minecraft:jump":1347,"minecraft:interact_with_blast_furnace":4,"minecraft:walk_on_water_one_cm":25793,"minecraft:interact_with_smoker":5,"minecraft:total_world_time":108278,"minecraft:fall_one_cm":33675},"minecraft:killed_by":{"epicsamurai:jorogumo":1,"realmrpg_demons:chort":1,"minecraft:skeleton":2,"minecraft:creeper":1,"minecraft:drowned":1},"minecraft:used":{"minecraft:iron_bars":2,"minecraft:dried_kelp":12,"minecraft:shield":2,"minecraft:iron_sword":103,"minecraft:cooked_salmon":6,"minecraft:mossy_cobblestone":2,"minecraft:dirt":2,"farmersdelight:flint_knife":6,"minecraft:granite":34,"minecraft:spruce_wood":3,"minecraft:lantern":1,"minecraft:iron_axe":6,"minecraft:iron_pickaxe":144,"minecraft:cobblestone":10,"minecraft:dark_oak_boat":1,"minecraft:sweet_berries":13},"minecraft:killed":{"minecraft:witch":3,"naturalist:butterfly":2,"minecraft:spider":3,"seadwellers:mermorph_architect":1,"naturalist:snail":1,"minecraft:horse":1,"minecraft:sheep":1,"minecraft:skeleton":3,"minecraft:zombie":2,"minecraft:llama":1,"naturalist:cardinal":1},"minecraft:dropped":{"minecraft:kelp":1,"minecraft:iron_nugget":13,"minecraft:glass_bottle":2,"dynamictrees:dark_oak_seed":1,"minecraft:dead_fire_coral_block":1,"minecraft:filled_map":1,"minecraft:dirt":1,"minecraft:dark_oak_log":1,"minecraft:skeleton_skull":1,"minecraft:dried_kelp":15,"epicsamurai:cloth":1,"gravestone:obituary":3,"minecraft:golden_hoe":1,"minecraft:iron_bars":2}},"DataVersion":3465}