{"stats":{"minecraft:mined":{"minecraft:oak_log":5},"minecraft:crafted":{"minecraft:crafting_table":1,"minecraft:oak_planks":20,"minecraft:stick":16},"minecraft:custom":{"minecraft:jump":52,"minecraft:time_since_rest":7375,"minecraft:damage_taken":80,"minecraft:crouch_one_cm":394,"minecraft:leave_game":2,"minecraft:sprint_one_cm":11437,"minecraft:play_time":7375,"minecraft:time_since_death":7375,"minecraft:walk_one_cm":14739,"minecraft:sneak_time":412,"minecraft:total_world_time":7375,"minecraft:fall_one_cm":2573,"minecraft:fly_one_cm":36564},"minecraft:picked_up":{"minecraft:oak_log":5}},"DataVersion":3465}