{"stats":{"minecraft:crafted":{"minecraft:oak_planks":96,"minecraft:furnace":2,"toughasnails:empty_leather_canteen":1,"minecraft:cooked_mutton":9,"minecraft:glass":3,"minecraft:stone_pickaxe":1,"minecraft:chest":2,"minecraft:smoker":1,"minecraft:wheat":135,"minecraft:cooked_beef":23,"minecraft:glass_bottle":3,"toughasnails:wool_helmet":1,"minecraft:crafting_table":2,"minecraft:wooden_pickaxe":1,"minecraft:bucket":1,"minecraft:stone_axe":1,"minecraft:bread":33,"minecraft:air":0,"minecraft:oak_boat":2,"minecraft:iron_chestplate":1,"minecraft:shield":1,"minecraft:stick":88,"minecraft:iron_ingot":23,"minecraft:wooden_axe":1,"minecraft:iron_pickaxe":1,"minecraft:stone_sword":2,"minecraft:white_bed":2,"minecraft:torch":128},"minecraft:picked_up":{"minecraft:crafting_table":11,"minecraft:clay_ball":26,"minecraft:potion":2,"minecraft:raw_copper":13,"minecraft:beef":80,"minecraft:oak_boat":7,"minecraft:rose_bush":2,"minecraft:azalea":1,"minecraft:poppy":4,"minecraft:furnace":6,"minecraft:dark_oak_sapling":4,"minecraft:raw_iron":22,"minecraft:stick":8,"minecraft:big_dripleaf":4,"minecraft:copper_ingot":1,"minecraft:oak_fence":24,"minecraft:torch":9,"minecraft:arrow":3,"minecraft:rotten_flesh":4,"minecraft:peony":13,"minecraft:hay_block":17,"minecraft:mutton":24,"minecraft:cobblestone":75,"minecraft:white_wool":23,"minecraft:oxeye_daisy":1,"minecraft:nautilus_shell":3,"minecraft:leather":20,"minecraft:brown_wool":1,"minecraft:smoker":1,"minecraft:oak_log":39,"minecraft:lily_pad":5,"minecraft:cobblestone_stairs":3,"minecraft:dirt":49,"minecraft:cooked_mutton":8,"minecraft:bone":5,"minecraft:apple":2,"minecraft:stone_pickaxe":2,"minecraft:glass_bottle":4,"minecraft:oak_planks":99,"biomesoplenty:toadstool":1,"biomesoplenty:waterlily":8,"minecraft:dandelion":5,"minecraft:sand":7,"minecraft:blast_furnace":1,"minecraft:white_bed":8,"minecraft:dark_oak_log":32,"minecraft:stone_axe":2,"minecraft:coal":262,"minecraft:oak_sapling":4,"minecraft:black_wool":1},"minecraft:used":{"minecraft:oak_fence":18,"minecraft:rose_bush":2,"minecraft:stone_sword":87,"minecraft:poppy":1,"minecraft:chest":2,"minecraft:shield":8,"minecraft:torch":63,"minecraft:dirt":16,"minecraft:wooden_axe":15,"toughasnails:leather_water_canteen":18,"minecraft:hay_block":2,"minecraft:furnace":4,"minecraft:oak_sapling":3,"minecraft:cooked_beef":10,"toughasnails:empty_leather_canteen":1,"minecraft:dark_oak_sapling":4,"minecraft:cooked_mutton":9,"minecraft:water_bucket":14,"minecraft:glass_bottle":45,"minecraft:stone_pickaxe":131,"minecraft:oak_planks":1,"minecraft:wooden_pickaxe":14,"minecraft:sand":1,"minecraft:crafting_table":13,"minecraft:blast_furnace":1,"minecraft:white_bed":9,"minecraft:smoker":2,"minecraft:iron_pickaxe":21,"biomesoplenty:toadstool":1,"minecraft:stone_axe":103,"minecraft:cobblestone":19,"minecraft:potion":42,"minecraft:bucket":15,"minecraft:oak_boat":6,"minecraft:air":7,"minecraft:dandelion":1,"minecraft:golden_pickaxe":32},"minecraft:mined":{"minecraft:white_bed":8,"minecraft:dark_oak_leaves":136,"minecraft:cobblestone_stairs":3,"minecraft:dark_oak_log":32,"biomesoplenty:bush":2,"minecraft:grass_block":1,"biomesoplenty:dune_grass":8,"minecraft:hay_block":17,"minecraft:furnace":4,"biomesoplenty:toadstool":1,"minecraft:iron_ore":22,"minecraft:fire":6,"minecraft:big_dripleaf_stem":1,"biomesoplenty:sea_oats":10,"minecraft:stone":54,"minecraft:podzol":6,"minecraft:smoker":1,"minecraft:dandelion":1,"minecraft:oak_fence":24,"minecraft:crafting_table":11,"minecraft:torch":4,"minecraft:short_grass":8,"minecraft:blast_furnace":1,"minecraft:poppy":1,"minecraft:rose_bush":1,"minecraft:copper_ore":4,"minecraft:tall_grass":6,"biomesoplenty:sprout":2,"minecraft:oak_planks":1,"minecraft:wall_torch":1,"minecraft:birch_leaves":1,"biomesoplenty:waterlily":8,"biomesoplenty:clover":1,"minecraft:coal_ore":102,"minecraft:oak_log":39,"minecraft:sand":7,"minecraft:oak_leaves":17},"minecraft:killed":{"minecraft:skeleton":3,"minecraft:drowned":2,"minecraft:zombie_villager":1,"minecraft:creeper":1,"minecraft:sheep":15,"minecraft:zombie":3,"minecraft:cow":13},"minecraft:broken":{"minecraft:golden_pickaxe":1},"minecraft:custom":{"minecraft:mob_kills":39,"minecraft:animals_bred":4,"minecraft:interact_with_crafting_table":30,"minecraft:leave_game":1,"minecraft:time_since_death":78177,"minecraft:climb_one_cm":230,"minecraft:sprint_one_cm":245203,"minecraft:walk_one_cm":251828,"minecraft:damage_blocked_by_shield":215,"minecraft:drop":34,"minecraft:play_time":111640,"minecraft:deaths":2,"minecraft:sneak_time":1716,"minecraft:walk_under_water_one_cm":11846,"minecraft:boat_one_cm":420209,"minecraft:jump":1663,"minecraft:interact_with_blast_furnace":7,"minecraft:walk_on_water_one_cm":15566,"minecraft:total_world_time":111640,"minecraft:interact_with_furnace":17,"minecraft:sleep_in_bed":8,"minecraft:time_since_rest":11000,"minecraft:damage_taken":1568,"minecraft:damage_dealt":4219,"minecraft:swim_one_cm":15772,"minecraft:fly_one_cm":294816,"minecraft:open_chest":12,"minecraft:crouch_one_cm":2785,"minecraft:interact_with_smoker":10,"minecraft:fall_one_cm":44580},"minecraft:dropped":{"minecraft:leather":3,"minecraft:cobblestone_stairs":3,"minecraft:oxeye_daisy":1,"minecraft:dirt":1,"minecraft:wooden_axe":1,"minecraft:brown_wool":1,"minecraft:potion":3,"minecraft:sand":3,"minecraft:white_wool":2,"minecraft:dandelion":4,"minecraft:iron_nugget":7,"minecraft:rotten_flesh":1,"minecraft:clay_ball":26,"minecraft:poppy":3,"minecraft:big_dripleaf":4,"minecraft:peony":13,"minecraft:oak_sapling":1,"minecraft:azalea":1,"minecraft:arrow":1,"minecraft:stone_pickaxe":1,"minecraft:wooden_pickaxe":1,"minecraft:black_wool":1}},"DataVersion":3953}