{"stats":{"minecraft:crafted":{"minecraft:cooked_beef":23,"minecraft:glass_bottle":3,"minecraft:oak_planks":76,"toughasnails:wool_helmet":1,"minecraft:crafting_table":2,"minecraft:wooden_pickaxe":1,"minecraft:furnace":2,"minecraft:bucket":1,"minecraft:stone_axe":1,"minecraft:cooked_mutton":9,"minecraft:air":0,"minecraft:oak_boat":2,"minecraft:glass":3,"minecraft:shield":1,"minecraft:stick":40,"minecraft:iron_ingot":8,"minecraft:iron_pickaxe":1,"minecraft:stone_pickaxe":1,"minecraft:wooden_axe":1,"minecraft:stone_sword":2,"minecraft:white_bed":2,"minecraft:torch":128,"minecraft:smoker":1},"minecraft:picked_up":{"minecraft:nautilus_shell":3,"minecraft:crafting_table":10,"minecraft:clay_ball":26,"minecraft:brown_wool":1,"minecraft:leather":20,"minecraft:smoker":1,"minecraft:potion":2,"minecraft:oak_log":23,"minecraft:dirt":43,"minecraft:cooked_mutton":8,"minecraft:bone":5,"minecraft:apple":2,"minecraft:beef":80,"minecraft:stone_pickaxe":2,"minecraft:oak_boat":5,"minecraft:rose_bush":2,"minecraft:azalea":1,"minecraft:glass_bottle":4,"minecraft:oak_planks":99,"minecraft:furnace":6,"biomesoplenty:toadstool":1,"minecraft:dark_oak_sapling":4,"minecraft:stick":5,"minecraft:raw_iron":14,"minecraft:big_dripleaf":4,"minecraft:copper_ingot":1,"minecraft:torch":5,"minecraft:dandelion":1,"minecraft:sand":7,"minecraft:white_bed":7,"minecraft:dark_oak_log":32,"minecraft:arrow":3,"minecraft:rotten_flesh":2,"minecraft:stone_axe":2,"minecraft:oak_sapling":1,"minecraft:mutton":24,"minecraft:black_wool":1,"minecraft:coal":240,"minecraft:white_wool":23,"minecraft:cobblestone":72},"minecraft:used":{"minecraft:cooked_mutton":9,"minecraft:water_bucket":1,"minecraft:rose_bush":2,"minecraft:stone_sword":79,"minecraft:glass_bottle":36,"minecraft:stone_pickaxe":123,"minecraft:oak_planks":1,"minecraft:shield":6,"minecraft:wooden_pickaxe":14,"minecraft:torch":47,"minecraft:sand":1,"minecraft:dirt":14,"minecraft:crafting_table":11,"minecraft:white_bed":8,"minecraft:smoker":1,"minecraft:wooden_axe":15,"minecraft:iron_pickaxe":9,"biomesoplenty:toadstool":1,"minecraft:stone_axe":62,"minecraft:cobblestone":16,"minecraft:potion":35,"minecraft:furnace":4,"minecraft:bucket":2,"minecraft:oak_boat":4,"minecraft:air":6,"minecraft:golden_pickaxe":17,"minecraft:cooked_beef":6,"minecraft:dandelion":1},"minecraft:mined":{"minecraft:white_bed":7,"minecraft:dark_oak_leaves":136,"minecraft:smoker":1,"minecraft:dark_oak_log":32,"minecraft:crafting_table":10,"minecraft:torch":2,"minecraft:short_grass":8,"minecraft:grass_block":1,"minecraft:rose_bush":1,"minecraft:tall_grass":6,"biomesoplenty:sprout":2,"minecraft:oak_planks":1,"minecraft:wall_torch":1,"biomesoplenty:dune_grass":8,"minecraft:furnace":4,"biomesoplenty:toadstool":1,"minecraft:iron_ore":14,"minecraft:fire":6,"minecraft:birch_leaves":1,"minecraft:big_dripleaf_stem":1,"biomesoplenty:sea_oats":10,"biomesoplenty:clover":1,"minecraft:oak_log":23,"minecraft:coal_ore":87,"minecraft:sand":7,"minecraft:stone":50,"minecraft:oak_leaves":16},"minecraft:killed":{"minecraft:creeper":1,"minecraft:skeleton":3,"minecraft:sheep":15,"minecraft:zombie":2,"minecraft:drowned":2,"minecraft:cow":13},"minecraft:custom":{"minecraft:interact_with_furnace":17,"minecraft:mob_kills":37,"minecraft:interact_with_crafting_table":21,"minecraft:leave_game":1,"minecraft:time_since_death":42177,"minecraft:sleep_in_bed":6,"minecraft:climb_one_cm":230,"minecraft:time_since_rest":1328,"minecraft:sprint_one_cm":175989,"minecraft:damage_taken":1368,"minecraft:walk_one_cm":169365,"minecraft:damage_blocked_by_shield":165,"minecraft:drop":17,"minecraft:damage_dealt":3819,"minecraft:swim_one_cm":11186,"minecraft:fly_one_cm":221860,"minecraft:open_chest":1,"minecraft:crouch_one_cm":2226,"minecraft:play_time":75640,"minecraft:deaths":2,"minecraft:sneak_time":1423,"minecraft:walk_under_water_one_cm":9573,"minecraft:boat_one_cm":289834,"minecraft:jump":1253,"minecraft:walk_on_water_one_cm":7202,"minecraft:interact_with_smoker":8,"minecraft:total_world_time":75640,"minecraft:fall_one_cm":32968},"minecraft:dropped":{"minecraft:rotten_flesh":1,"minecraft:clay_ball":26,"minecraft:leather":3,"minecraft:big_dripleaf":4,"minecraft:dirt":1,"minecraft:wooden_axe":1,"minecraft:azalea":1,"minecraft:oak_sapling":1,"minecraft:sand":3,"minecraft:arrow":1,"minecraft:wooden_pickaxe":1,"minecraft:black_wool":1}},"DataVersion":3953}