{"stats":{"minecraft:dropped":{"minecraft:rotten_flesh":3},"minecraft:custom":{"minecraft:interact_with_furnace":7,"minecraft:mob_kills":6,"minecraft:interact_with_crafting_table":2,"minecraft:open_barrel":1,"minecraft:interact_with_campfire":3,"minecraft:leave_game":4,"minecraft:time_since_death":44592,"minecraft:sleep_in_bed":4,"minecraft:climb_one_cm":2879,"minecraft:time_since_rest":124,"minecraft:sprint_one_cm":124700,"minecraft:damage_taken":645,"minecraft:walk_one_cm":221218,"minecraft:damage_blocked_by_shield":115,"minecraft:drop":1,"minecraft:damage_dealt":1010,"minecraft:fly_one_cm":159551,"minecraft:open_chest":13,"minecraft:crouch_one_cm":8835,"minecraft:play_time":54335,"minecraft:deaths":1,"minecraft:sneak_time":3056,"minecraft:walk_under_water_one_cm":868,"minecraft:jump":725,"minecraft:walk_on_water_one_cm":2410,"minecraft:interact_with_smoker":2,"minecraft:total_world_time":54335,"minecraft:fall_one_cm":19654},"minecraft:picked_up":{"minecraft:pink_petals":7,"minecraft:crafting_table":2,"minecraft:leather":1,"minecraft:oak_log":11,"minecraft:yellow_bed":2,"minecraft:dirt":18,"minecraft:string":1,"minecraft:lantern":1,"minecraft:raw_copper":5,"minecraft:bone":1,"minecraft:bow":1,"minecraft:iron_pickaxe":1,"minecraft:iron_sword":1,"minecraft:egg":1,"minecraft:stick":19,"minecraft:raw_iron":17,"minecraft:torch":2,"minecraft:cherry_log":19,"minecraft:arrow":2,"minecraft:rotten_flesh":5,"minecraft:iron_block":1,"minecraft:cherry_sapling":20,"minecraft:baked_potato":3,"minecraft:oak_sapling":3,"minecraft:coal":86,"minecraft:cobblestone":18},"minecraft:killed":{"minecraft:spider":1,"minecraft:skeleton":3,"minecraft:zombie":2},"minecraft:mined":{"minecraft:oak_sapling":1,"minecraft:cherry_sapling":1,"minecraft:crafting_table":2,"immersive_weathering:soot":2,"minecraft:copper_ore":1,"minecraft:wall_torch":2,"minecraft:pink_petals":5,"immersive_weathering:cherry_leaf_pile":16,"minecraft:iron_ore":17,"minecraft:fire":41,"treechop:chopped_log":2,"minecraft:yellow_bed":2,"minecraft:grass":1,"minecraft:oak_log":5,"minecraft:coal_ore":86,"immersive_weathering:ivy":1,"minecraft:stone":18,"minecraft:iron_block":1,"minecraft:oak_leaves":3},"minecraft:used":{"minecraft:cherry_sapling":20,"minecraft:water_bucket":6,"minecraft:baked_potato":1,"minecraft:oak_planks":4,"minecraft:shield":5,"minecraft:iron_sword":19,"minecraft:leather_boots":1,"minecraft:iron_chestplate":1,"minecraft:torch":42,"minecraft:crafting_table":2,"minecraft:apple":1,"minecraft:iron_axe":15,"minecraft:bread":9,"minecraft:iron_pickaxe":123,"minecraft:iron_helmet":1,"minecraft:leather_helmet":1,"minecraft:iron_boots":1,"minecraft:pink_petals":7,"minecraft:cobblestone":1,"minecraft:bow":2,"minecraft:oak_sapling":3,"minecraft:bucket":6,"minecraft:yellow_bed":2,"minecraft:egg":1,"minecraft:iron_leggings":1},"minecraft:crafted":{"minecraft:oak_planks":44,"minecraft:crafting_table":2,"minecraft:shield":1,"minecraft:iron_axe":1,"minecraft:stick":24,"minecraft:iron_ingot":9,"minecraft:torch":100}},"DataVersion":3465}