{"stats":{"minecraft:killed_by":{"minecraft:zombie":5},"minecraft:crafted":{"minecraft:oak_planks":192,"minecraft:cooked_chicken":96,"minecraft:cooked_mutton":9,"minecraft:glass":8,"minecraft:bow":1,"minecraft:iron_boots":1,"minecraft:chest":2,"minecraft:smoker":1,"minecraft:glass_bottle":6,"minecraft:arrow":32,"minecraft:emerald":28,"toughasnails:rain_collector":4,"minecraft:crafting_table":6,"minecraft:spruce_planks":96,"minecraft:wooden_pickaxe":1,"minecraft:iron_helmet":1,"minecraft:copper_ingot":13,"minecraft:fletching_table":3,"minecraft:campfire":1,"minecraft:iron_chestplate":1,"toughasnails:water_purifier":1,"minecraft:shield":2,"minecraft:stick":1084,"minecraft:iron_ingot":131,"minecraft:iron_pickaxe":3,"minecraft:stone_sword":2,"minecraft:dark_oak_fence_gate":9,"minecraft:shears":1,"minecraft:rabbit_stew":12,"minecraft:furnace":2,"minecraft:bone_meal":15,"toughasnails:empty_leather_canteen":2,"minecraft:dark_oak_fence":51,"minecraft:iron_axe":2,"minecraft:iron_hoe":1,"minecraft:stone_pickaxe":1,"minecraft:dark_oak_planks":668,"minecraft:wheat":171,"minecraft:cooked_beef":23,"toughasnails:wool_helmet":1,"minecraft:iron_sword":1,"minecraft:bucket":1,"minecraft:stone_axe":1,"minecraft:bread":45,"minecraft:air":0,"minecraft:oak_boat":4,"minecraft:wooden_axe":1,"minecraft:oak_stairs":8,"minecraft:iron_shovel":1,"minecraft:iron_leggings":1,"minecraft:white_bed":2,"minecraft:torch":432},"minecraft:picked_up":{"minecraft:iron_chestplate":9,"minecraft:wheat":11,"minecraft:lead":10,"minecraft:oak_stairs":10,"minecraft:potion":2,"toughasnails:leather_purified_water_canteen":7,"minecraft:string":85,"minecraft:raw_copper":13,"minecraft:iron_leggings":2,"minecraft:sticky_piston":2,"minecraft:cobbled_deepslate":112,"minecraft:bucket":2,"minecraft:rose_bush":2,"minecraft:calcite":1,"minecraft:azalea":1,"minecraft:iron_pickaxe":12,"minecraft:melon_slice":34,"minecraft:iron_boots":2,"minecraft:furnace":6,"minecraft:stick":317,"minecraft:composter":1,"minecraft:big_dripleaf":4,"minecraft:oak_fence":27,"minecraft:torch":560,"minecraft:diorite":1,"minecraft:stone_sword":3,"minecraft:rotten_flesh":109,"minecraft:cobblestone":255,"minecraft:nautilus_shell":7,"minecraft:cooked_beef":56,"minecraft:water_bucket":7,"minecraft:andesite":35,"minecraft:brown_wool":1,"minecraft:potato":2,"minecraft:smoker":4,"minecraft:flint":6,"minecraft:lapis_lazuli":87,"minecraft:dirt":200,"minecraft:name_tag":6,"minecraft:bone":60,"minecraft:bow":6,"minecraft:wheat_seeds":44,"minecraft:raw_gold":60,"minecraft:bell":2,"minecraft:fletching_table":1,"minecraft:oak_planks":99,"biomesoplenty:toadstool":1,"minecraft:sand":12,"minecraft:dark_oak_log":174,"minecraft:mossy_cobblestone":4,"minecraft:diamond":24,"minecraft:granite":3,"minecraft:bone_meal":30,"minecraft:bread":133,"minecraft:oak_sapling":14,"minecraft:charcoal":2,"minecraft:crafting_table":20,"minecraft:clay_ball":26,"biomesoplenty:huge_lily_pad":1,"minecraft:shield":7,"minecraft:cornflower":1,"minecraft:iron_axe":8,"biomesoplenty:cypress_sapling":6,"minecraft:beef":95,"minecraft:oak_boat":10,"minecraft:poppy":4,"minecraft:lectern":1,"minecraft:egg":1,"minecraft:dark_oak_sapling":17,"minecraft:raw_iron":380,"minecraft:copper_ingot":19,"minecraft:carrot":9,"minecraft:redstone":21,"minecraft:dark_oak_planks":415,"minecraft:arrow":96,"minecraft:peony":16,"minecraft:shears":3,"minecraft:hay_block":48,"minecraft:saddle":5,"minecraft:gold_ingot":6,"minecraft:mutton":27,"minecraft:white_wool":26,"minecraft:oxeye_daisy":1,"minecraft:leather":22,"minecraft:oak_log":70,"minecraft:lily_pad":81,"minecraft:yellow_bed":3,"minecraft:gunpowder":2,"minecraft:cobblestone_stairs":4,"minecraft:cooked_mutton":8,"minecraft:apple":4,"minecraft:iron_ingot":17,"minecraft:stone_pickaxe":2,"minecraft:cooked_chicken":64,"minecraft:glass_bottle":4,"minecraft:iron_sword":6,"minecraft:book":9,"biomesoplenty:waterlily":14,"minecraft:dandelion":5,"minecraft:gravel":42,"toughasnails:empty_leather_canteen":4,"minecraft:blast_furnace":2,"minecraft:white_bed":10,"minecraft:spruce_log":24,"minecraft:dark_oak_fence_gate":1,"minecraft:spider_eye":4,"minecraft:stone_axe":5,"minecraft:iron_helmet":2,"minecraft:black_wool":2,"minecraft:melon_seeds":9,"minecraft:coal":424},"minecraft:used":{"minecraft:peony":3,"minecraft:iron_shovel":70,"minecraft:poppy":1,"minecraft:chest":2,"minecraft:shield":48,"minecraft:iron_sword":206,"minecraft:bell":2,"minecraft:iron_chestplate":3,"minecraft:carrot":9,"biomesoplenty:cypress_sapling":6,"minecraft:iron_helmet":1,"minecraft:bow":11,"toughasnails:leather_water_canteen":112,"minecraft:hay_block":9,"minecraft:furnace":5,"minecraft:oak_sapling":7,"minecraft:egg":1,"minecraft:potato":2,"minecraft:dark_oak_sapling":14,"minecraft:stone_pickaxe":131,"minecraft:oak_planks":1,"minecraft:wooden_pickaxe":14,"minecraft:composter":1,"minecraft:sand":1,"minecraft:blast_furnace":2,"minecraft:dark_oak_log":7,"minecraft:bread":45,"minecraft:lectern":1,"minecraft:gravel":38,"minecraft:dark_oak_fence":33,"minecraft:oak_boat":9,"minecraft:air":7,"minecraft:bone_meal":5,"minecraft:golden_pickaxe":32,"minecraft:oak_fence":21,"minecraft:rose_bush":2,"minecraft:stone_sword":188,"toughasnails:water_purifier":1,"minecraft:cooked_chicken":29,"minecraft:torch":463,"minecraft:dirt":159,"minecraft:iron_hoe":80,"minecraft:wooden_axe":15,"toughasnails:leather_purified_water_canteen":20,"minecraft:dark_oak_planks":195,"minecraft:iron_axe":264,"minecraft:oak_stairs":8,"minecraft:bamboo":4,"minecraft:cooked_beef":23,"minecraft:cobbled_deepslate":39,"minecraft:iron_leggings":1,"toughasnails:empty_leather_canteen":13,"minecraft:calcite":1,"minecraft:wheat_seeds":34,"minecraft:cooked_mutton":9,"minecraft:water_bucket":61,"minecraft:glass_bottle":48,"minecraft:fletching_table":4,"toughasnails:leather_dirty_water_canteen":14,"minecraft:crafting_table":18,"minecraft:campfire":1,"toughasnails:rain_collector":4,"minecraft:white_bed":11,"minecraft:dark_oak_fence_gate":10,"minecraft:smoker":5,"minecraft:cornflower":1,"minecraft:iron_pickaxe":466,"biomesoplenty:toadstool":1,"minecraft:stone_axe":115,"minecraft:cobblestone":93,"minecraft:potion":43,"minecraft:bucket":62,"minecraft:yellow_bed":3,"minecraft:dandelion":1},"minecraft:mined":{"minecraft:dark_oak_planks":9,"minecraft:white_bed":10,"minecraft:oak_sapling":2,"minecraft:cobblestone_stairs":4,"minecraft:granite":3,"minecraft:grass_block":65,"minecraft:composter":1,"minecraft:iron_ore":82,"minecraft:sticky_piston":1,"minecraft:fire":6,"minecraft:fletching_table":1,"minecraft:deepslate_lapis_ore":2,"minecraft:dirt_path":1,"minecraft:oak_stairs":5,"minecraft:tripwire":5,"minecraft:piston_head":1,"minecraft:deepslate_redstone_ore":4,"minecraft:smoker":4,"minecraft:torch":12,"minecraft:blast_furnace":2,"minecraft:calcite":1,"minecraft:poppy":1,"minecraft:melon":7,"minecraft:cobblestone":7,"minecraft:oak_planks":1,"minecraft:wall_torch":7,"minecraft:seagrass":1,"biomesoplenty:huge_lily_pad":1,"minecraft:wheat":19,"biomesoplenty:waterlily":8,"biomesoplenty:clover":1,"minecraft:oak_log":70,"minecraft:dark_oak_sapling":4,"minecraft:sand":12,"minecraft:dirt":13,"minecraft:oak_leaves":75,"minecraft:deepslate":78,"biomesoplenty:watergrass":1,"minecraft:mossy_cobblestone":4,"minecraft:dark_oak_leaves":138,"minecraft:deepslate_diamond_ore":18,"minecraft:dark_oak_log":175,"biomesoplenty:bush":10,"biomesoplenty:cypress_sapling":1,"minecraft:redstone_wire":3,"biomesoplenty:cypress_leaves":6,"biomesoplenty:dune_grass":8,"minecraft:hay_block":41,"minecraft:furnace":4,"minecraft:carrots":7,"biomesoplenty:toadstool":1,"minecraft:dark_oak_fence_gate":1,"minecraft:andesite":19,"minecraft:peony":3,"minecraft:big_dripleaf_stem":1,"minecraft:bell":2,"biomesoplenty:sea_oats":10,"minecraft:bookshelf":3,"minecraft:potatoes":2,"minecraft:deepslate_iron_ore":51,"minecraft:vine":1,"minecraft:stone":125,"minecraft:podzol":53,"minecraft:dandelion":1,"minecraft:oak_fence":27,"minecraft:crafting_table":15,"minecraft:short_grass":24,"minecraft:rose_bush":1,"minecraft:campfire":1,"minecraft:lectern":1,"minecraft:tall_grass":6,"minecraft:copper_ore":4,"minecraft:deepslate_coal_ore":6,"minecraft:lapis_ore":2,"biomesoplenty:sprout":2,"minecraft:deepslate_gold_ore":24,"minecraft:diorite":1,"minecraft:spruce_log":24,"minecraft:birch_leaves":1,"minecraft:yellow_bed":3,"minecraft:coal_ore":184,"minecraft:gravel":48,"minecraft:gold_ore":3,"minecraft:fern":9},"minecraft:killed":{"minecraft:spider":11,"minecraft:skeleton":14,"minecraft:zombie_villager":1,"minecraft:creeper":5,"minecraft:sheep":17,"minecraft:trader_llama":4,"minecraft:zombie":52,"minecraft:cow":14,"minecraft:slime":1,"minecraft:drowned":3,"minecraft:wandering_trader":2},"minecraft:broken":{"minecraft:stone_axe":1,"minecraft:stone_sword":1,"minecraft:iron_axe":1,"minecraft:iron_pickaxe":1,"minecraft:golden_pickaxe":1},"minecraft:custom":{"minecraft:animals_bred":21,"minecraft:interact_with_crafting_table":67,"minecraft:bell_ring":13,"minecraft:leave_game":12,"minecraft:time_since_death":102031,"minecraft:sprint_one_cm":1165839,"minecraft:damage_blocked_by_shield":930,"minecraft:drop":109,"minecraft:talked_to_villager":16,"minecraft:play_time":483768,"minecraft:deaths":16,"minecraft:jump":7900,"minecraft:walk_on_water_one_cm":45978,"minecraft:interact_with_furnace":20,"minecraft:traded_with_villager":55,"minecraft:sleep_in_bed":25,"minecraft:damage_dealt":20524,"minecraft:crouch_one_cm":34496,"minecraft:interact_with_smoker":12,"minecraft:inspect_dispenser":3,"minecraft:mob_kills":130,"minecraft:climb_one_cm":1551,"minecraft:walk_one_cm":1139278,"minecraft:sneak_time":11180,"minecraft:walk_under_water_one_cm":21633,"minecraft:boat_one_cm":806528,"minecraft:interact_with_blast_furnace":15,"minecraft:total_world_time":483768,"minecraft:time_since_rest":6863,"minecraft:damage_taken":9606,"minecraft:swim_one_cm":69164,"minecraft:fly_one_cm":1538198,"minecraft:open_chest":66,"minecraft:fall_one_cm":245873},"minecraft:dropped":{"minecraft:glass_bottle":1,"minecraft:leather":3,"minecraft:cobblestone_stairs":4,"minecraft:dirt":1,"minecraft:sand":3,"minecraft:iron_pickaxe":1,"minecraft:white_wool":3,"minecraft:gravel":4,"minecraft:iron_nugget":7,"minecraft:rotten_flesh":24,"minecraft:poppy":3,"minecraft:gunpowder":2,"minecraft:azalea":1,"minecraft:arrow":1,"minecraft:wheat_seeds":9,"minecraft:mossy_cobblestone":4,"minecraft:granite":3,"minecraft:oxeye_daisy":1,"minecraft:diorite":1,"minecraft:torch":1,"minecraft:wooden_axe":1,"minecraft:brown_wool":1,"minecraft:potion":5,"minecraft:oak_stairs":10,"minecraft:string":10,"minecraft:lily_pad":12,"minecraft:redstone":3,"minecraft:dandelion":4,"minecraft:sticky_piston":2,"minecraft:clay_ball":26,"minecraft:big_dripleaf":4,"minecraft:peony":13,"minecraft:andesite":35,"minecraft:oak_sapling":4,"minecraft:spider_eye":4,"minecraft:rabbit_stew":12,"minecraft:bow":2,"minecraft:stone_pickaxe":1,"minecraft:wooden_pickaxe":1,"minecraft:black_wool":2}},"DataVersion":3953}