{"stats":{"minecraft:dropped":{"minecraft:rotten_flesh":3},"minecraft:custom":{"minecraft:interact_with_furnace":7,"minecraft:mob_kills":5,"minecraft:interact_with_crafting_table":2,"minecraft:open_barrel":1,"minecraft:interact_with_campfire":3,"minecraft:leave_game":3,"minecraft:time_since_death":36321,"minecraft:sleep_in_bed":3,"minecraft:climb_one_cm":2879,"minecraft:time_since_rest":9719,"minecraft:sprint_one_cm":113081,"minecraft:damage_taken":597,"minecraft:walk_one_cm":187792,"minecraft:damage_blocked_by_shield":105,"minecraft:drop":1,"minecraft:damage_dealt":820,"minecraft:fly_one_cm":148781,"minecraft:open_chest":13,"minecraft:crouch_one_cm":8443,"minecraft:play_time":46064,"minecraft:deaths":1,"minecraft:sneak_time":2837,"minecraft:walk_under_water_one_cm":868,"minecraft:jump":574,"minecraft:walk_on_water_one_cm":2194,"minecraft:interact_with_smoker":2,"minecraft:total_world_time":46064,"minecraft:fall_one_cm":19050},"minecraft:picked_up":{"minecraft:pink_petals":7,"minecraft:crafting_table":2,"minecraft:leather":1,"minecraft:oak_log":11,"minecraft:yellow_bed":2,"minecraft:string":1,"minecraft:lantern":1,"minecraft:raw_copper":5,"minecraft:bone":1,"minecraft:bow":1,"minecraft:iron_pickaxe":1,"minecraft:iron_sword":1,"minecraft:egg":1,"minecraft:stick":19,"minecraft:raw_iron":5,"minecraft:torch":1,"minecraft:cherry_log":19,"minecraft:arrow":2,"minecraft:rotten_flesh":5,"minecraft:iron_block":1,"minecraft:cherry_sapling":20,"minecraft:baked_potato":3,"minecraft:oak_sapling":3,"minecraft:coal":38,"minecraft:cobblestone":10},"minecraft:killed":{"minecraft:spider":1,"minecraft:skeleton":2,"minecraft:zombie":2},"minecraft:mined":{"minecraft:oak_sapling":1,"minecraft:cherry_sapling":1,"minecraft:crafting_table":2,"immersive_weathering:soot":2,"minecraft:copper_ore":1,"minecraft:wall_torch":1,"minecraft:pink_petals":5,"immersive_weathering:cherry_leaf_pile":16,"minecraft:iron_ore":5,"minecraft:fire":41,"treechop:chopped_log":2,"minecraft:yellow_bed":2,"minecraft:grass":1,"minecraft:oak_log":5,"minecraft:coal_ore":40,"immersive_weathering:ivy":1,"minecraft:stone":12,"minecraft:iron_block":1,"minecraft:oak_leaves":3},"minecraft:used":{"minecraft:cherry_sapling":20,"minecraft:water_bucket":6,"minecraft:baked_potato":1,"minecraft:oak_planks":4,"minecraft:shield":4,"minecraft:iron_sword":15,"minecraft:leather_boots":1,"minecraft:iron_chestplate":1,"minecraft:torch":22,"minecraft:crafting_table":2,"minecraft:apple":1,"minecraft:iron_axe":15,"minecraft:bread":7,"minecraft:iron_pickaxe":59,"minecraft:iron_helmet":1,"minecraft:leather_helmet":1,"minecraft:iron_boots":1,"minecraft:pink_petals":7,"minecraft:bow":2,"minecraft:oak_sapling":3,"minecraft:bucket":6,"minecraft:yellow_bed":2,"minecraft:egg":1,"minecraft:iron_leggings":1},"minecraft:crafted":{"minecraft:oak_planks":44,"minecraft:crafting_table":2,"minecraft:shield":1,"minecraft:iron_axe":1,"minecraft:stick":24,"minecraft:iron_ingot":9,"minecraft:torch":100}},"DataVersion":3465}