{"stats":{"minecraft:broken":{"minecraft:stone_sword":1,"minecraft:stone_axe":1,"minecraft:iron_pickaxe":1,"minecraft:golden_pickaxe":1},"minecraft:killed":{"minecraft:spider":7,"minecraft:skeleton":9,"minecraft:drowned":3,"minecraft:zombie_villager":1,"minecraft:wandering_trader":2,"minecraft:creeper":1,"minecraft:sheep":15,"minecraft:trader_llama":4,"minecraft:zombie":35,"minecraft:cow":14},"minecraft:killed_by":{"minecraft:zombie":5},"minecraft:dropped":{"minecraft:wheat_seeds":2,"minecraft:glass_bottle":1,"minecraft:leather":3,"minecraft:granite":1,"minecraft:cobblestone_stairs":3,"minecraft:oxeye_daisy":1,"minecraft:dirt":1,"minecraft:diorite":1,"minecraft:wooden_axe":1,"minecraft:brown_wool":1,"minecraft:potion":5,"minecraft:oak_stairs":10,"minecraft:sand":3,"minecraft:iron_pickaxe":1,"minecraft:string":5,"minecraft:white_wool":3,"minecraft:dandelion":4,"minecraft:gravel":2,"minecraft:iron_nugget":7,"minecraft:rotten_flesh":14,"minecraft:clay_ball":26,"minecraft:big_dripleaf":4,"minecraft:poppy":3,"minecraft:peony":13,"minecraft:andesite":35,"minecraft:azalea":1,"minecraft:oak_sapling":3,"minecraft:spider_eye":2,"minecraft:bow":1,"minecraft:arrow":1,"minecraft:stone_pickaxe":1,"minecraft:wooden_pickaxe":1,"minecraft:black_wool":2},"minecraft:custom":{"minecraft:mob_kills":95,"minecraft:animals_bred":17,"minecraft:interact_with_crafting_table":57,"minecraft:bell_ring":13,"minecraft:leave_game":10,"minecraft:time_since_death":12040,"minecraft:climb_one_cm":230,"minecraft:sprint_one_cm":746281,"minecraft:walk_one_cm":857487,"minecraft:damage_blocked_by_shield":930,"minecraft:drop":67,"minecraft:talked_to_villager":9,"minecraft:play_time":352780,"minecraft:sneak_time":9246,"minecraft:deaths":15,"minecraft:walk_under_water_one_cm":18568,"minecraft:boat_one_cm":422917,"minecraft:jump":4802,"minecraft:interact_with_blast_furnace":15,"minecraft:walk_on_water_one_cm":33244,"minecraft:total_world_time":352780,"minecraft:interact_with_furnace":20,"minecraft:traded_with_villager":31,"minecraft:sleep_in_bed":20,"minecraft:time_since_rest":8236,"minecraft:damage_taken":8057,"minecraft:damage_dealt":14743,"minecraft:swim_one_cm":41552,"minecraft:fly_one_cm":853706,"minecraft:open_chest":51,"minecraft:crouch_one_cm":29258,"minecraft:fall_one_cm":161731,"minecraft:interact_with_smoker":12},"minecraft:crafted":{"minecraft:oak_planks":168,"minecraft:furnace":2,"minecraft:bone_meal":15,"toughasnails:empty_leather_canteen":2,"minecraft:cooked_mutton":9,"minecraft:glass":8,"minecraft:dark_oak_fence":51,"minecraft:bow":1,"minecraft:iron_boots":1,"minecraft:iron_axe":2,"minecraft:iron_hoe":1,"minecraft:stone_pickaxe":1,"minecraft:chest":2,"minecraft:dark_oak_planks":668,"minecraft:smoker":1,"minecraft:wheat":171,"minecraft:cooked_beef":23,"minecraft:glass_bottle":6,"toughasnails:wool_helmet":1,"minecraft:arrow":32,"minecraft:emerald":28,"toughasnails:rain_collector":4,"minecraft:crafting_table":3,"minecraft:spruce_planks":96,"minecraft:wooden_pickaxe":1,"minecraft:iron_helmet":1,"minecraft:iron_sword":1,"minecraft:copper_ingot":13,"minecraft:fletching_table":3,"minecraft:bucket":1,"minecraft:stone_axe":1,"minecraft:bread":45,"minecraft:air":0,"minecraft:oak_boat":3,"minecraft:iron_chestplate":1,"minecraft:shield":1,"toughasnails:water_purifier":1,"minecraft:oak_stairs":8,"minecraft:stick":1080,"minecraft:iron_ingot":127,"minecraft:iron_pickaxe":3,"minecraft:wooden_axe":1,"minecraft:stone_sword":2,"minecraft:iron_shovel":1,"minecraft:iron_leggings":1,"minecraft:white_bed":2,"minecraft:dark_oak_fence_gate":9,"minecraft:torch":348,"minecraft:shears":1},"minecraft:picked_up":{"minecraft:iron_chestplate":8,"minecraft:crafting_table":17,"minecraft:wheat":8,"minecraft:clay_ball":26,"minecraft:lead":10,"minecraft:oak_stairs":10,"minecraft:potion":2,"toughasnails:leather_purified_water_canteen":6,"minecraft:shield":7,"minecraft:cornflower":1,"minecraft:string":74,"minecraft:raw_copper":13,"minecraft:iron_axe":6,"minecraft:iron_leggings":1,"biomesoplenty:cypress_sapling":6,"minecraft:cobbled_deepslate":34,"minecraft:bucket":2,"minecraft:beef":95,"minecraft:oak_boat":8,"minecraft:rose_bush":2,"minecraft:calcite":1,"minecraft:azalea":1,"minecraft:poppy":4,"minecraft:iron_pickaxe":10,"minecraft:lectern":1,"minecraft:iron_boots":1,"minecraft:furnace":6,"minecraft:dark_oak_sapling":17,"minecraft:stick":297,"minecraft:raw_iron":373,"minecraft:composter":1,"minecraft:big_dripleaf":4,"minecraft:copper_ingot":19,"minecraft:oak_fence":27,"minecraft:torch":416,"minecraft:diorite":1,"minecraft:carrot":8,"minecraft:dark_oak_planks":415,"minecraft:stone_sword":3,"minecraft:arrow":59,"minecraft:rotten_flesh":97,"minecraft:peony":16,"minecraft:shears":3,"minecraft:hay_block":35,"minecraft:saddle":5,"minecraft:gold_ingot":6,"minecraft:mutton":24,"minecraft:white_wool":24,"minecraft:cobblestone":229,"minecraft:oxeye_daisy":1,"minecraft:nautilus_shell":7,"minecraft:cooked_beef":56,"minecraft:water_bucket":6,"minecraft:andesite":35,"minecraft:brown_wool":1,"minecraft:leather":22,"minecraft:potato":2,"minecraft:smoker":2,"minecraft:flint":6,"minecraft:oak_log":61,"minecraft:lily_pad":5,"minecraft:yellow_bed":3,"minecraft:cobblestone_stairs":3,"minecraft:lapis_lazuli":87,"minecraft:dirt":198,"minecraft:name_tag":6,"minecraft:cooked_mutton":8,"minecraft:bone":55,"minecraft:apple":4,"minecraft:bow":4,"minecraft:wheat_seeds":30,"minecraft:raw_gold":49,"minecraft:bell":2,"minecraft:iron_ingot":17,"minecraft:stone_pickaxe":2,"minecraft:fletching_table":1,"minecraft:glass_bottle":4,"minecraft:iron_sword":5,"minecraft:oak_planks":99,"minecraft:book":9,"biomesoplenty:toadstool":1,"biomesoplenty:waterlily":8,"minecraft:dandelion":5,"minecraft:gravel":40,"minecraft:sand":12,"toughasnails:empty_leather_canteen":4,"minecraft:blast_furnace":2,"minecraft:white_bed":10,"minecraft:spruce_log":24,"minecraft:dark_oak_fence_gate":1,"minecraft:dark_oak_log":174,"minecraft:spider_eye":2,"minecraft:diamond":8,"minecraft:stone_axe":5,"minecraft:iron_helmet":1,"minecraft:granite":1,"minecraft:bone_meal":30,"minecraft:bread":133,"minecraft:oak_sapling":11,"minecraft:melon_seeds":9,"minecraft:black_wool":2,"minecraft:coal":395},"minecraft:mined":{"minecraft:dark_oak_planks":9,"minecraft:white_bed":10,"minecraft:dark_oak_leaves":138,"minecraft:deepslate_diamond_ore":2,"minecraft:cobblestone_stairs":3,"minecraft:dark_oak_log":175,"minecraft:granite":1,"biomesoplenty:bush":9,"minecraft:grass_block":65,"biomesoplenty:cypress_sapling":1,"biomesoplenty:cypress_leaves":6,"minecraft:composter":1,"biomesoplenty:dune_grass":8,"minecraft:hay_block":28,"minecraft:carrots":6,"minecraft:furnace":4,"biomesoplenty:toadstool":1,"minecraft:iron_ore":78,"minecraft:fire":6,"minecraft:andesite":19,"minecraft:dark_oak_fence_gate":1,"minecraft:deepslate_lapis_ore":2,"minecraft:fletching_table":1,"minecraft:peony":3,"minecraft:big_dripleaf_stem":1,"minecraft:bell":2,"biomesoplenty:sea_oats":10,"minecraft:bookshelf":3,"minecraft:potatoes":2,"minecraft:deepslate_iron_ore":48,"minecraft:oak_stairs":5,"minecraft:stone":123,"minecraft:podzol":53,"minecraft:smoker":2,"minecraft:dandelion":1,"minecraft:oak_fence":27,"minecraft:crafting_table":12,"minecraft:torch":6,"minecraft:short_grass":18,"minecraft:blast_furnace":2,"minecraft:calcite":1,"minecraft:poppy":1,"minecraft:cobblestone":1,"minecraft:rose_bush":1,"minecraft:lectern":1,"minecraft:copper_ore":4,"minecraft:tall_grass":6,"minecraft:deepslate_coal_ore":6,"biomesoplenty:sprout":2,"minecraft:deepslate_gold_ore":13,"minecraft:lapis_ore":2,"minecraft:oak_planks":1,"minecraft:diorite":1,"minecraft:wall_torch":3,"minecraft:seagrass":1,"minecraft:wheat":15,"minecraft:spruce_log":24,"minecraft:birch_leaves":1,"minecraft:yellow_bed":3,"biomesoplenty:waterlily":8,"biomesoplenty:clover":1,"minecraft:oak_log":61,"minecraft:coal_ore":155,"minecraft:dark_oak_sapling":4,"minecraft:dirt":12,"minecraft:gravel":46,"minecraft:sand":12,"minecraft:gold_ore":3,"minecraft:oak_leaves":50,"minecraft:deepslate":28},"minecraft:used":{"minecraft:peony":3,"minecraft:oak_fence":21,"minecraft:rose_bush":2,"minecraft:stone_sword":188,"minecraft:iron_shovel":70,"toughasnails:water_purifier":1,"minecraft:poppy":1,"minecraft:chest":2,"minecraft:shield":48,"minecraft:iron_sword":97,"minecraft:bell":2,"minecraft:iron_chestplate":2,"minecraft:torch":236,"minecraft:dirt":156,"minecraft:iron_hoe":80,"minecraft:dark_oak_planks":195,"toughasnails:leather_purified_water_canteen":15,"minecraft:wooden_axe":15,"biomesoplenty:cypress_sapling":6,"minecraft:iron_axe":230,"minecraft:oak_stairs":8,"toughasnails:leather_water_canteen":60,"minecraft:hay_block":9,"minecraft:oak_sapling":5,"minecraft:furnace":5,"minecraft:cooked_beef":20,"minecraft:cobbled_deepslate":32,"minecraft:dark_oak_sapling":14,"toughasnails:empty_leather_canteen":8,"minecraft:calcite":1,"minecraft:cooked_mutton":9,"minecraft:water_bucket":49,"minecraft:glass_bottle":48,"minecraft:stone_pickaxe":131,"minecraft:oak_planks":1,"minecraft:wooden_pickaxe":14,"minecraft:composter":1,"minecraft:fletching_table":4,"minecraft:sand":1,"minecraft:white_bed":11,"minecraft:crafting_table":15,"toughasnails:rain_collector":4,"minecraft:blast_furnace":2,"minecraft:dark_oak_fence_gate":10,"minecraft:smoker":3,"minecraft:cornflower":1,"minecraft:dark_oak_log":7,"minecraft:bread":45,"minecraft:iron_pickaxe":330,"minecraft:lectern":1,"minecraft:gravel":38,"biomesoplenty:toadstool":1,"minecraft:stone_axe":115,"minecraft:potion":43,"minecraft:cobblestone":79,"minecraft:dark_oak_fence":33,"minecraft:bucket":49,"minecraft:dandelion":1,"minecraft:yellow_bed":3,"minecraft:golden_pickaxe":32,"minecraft:oak_boat":7,"minecraft:air":7,"minecraft:bone_meal":5}},"DataVersion":3953}