{"stats":{"minecraft:custom":{"minecraft:mob_kills":88,"minecraft:animals_bred":4,"minecraft:interact_with_crafting_table":39,"minecraft:leave_game":5,"minecraft:time_since_death":21731,"minecraft:climb_one_cm":230,"minecraft:sprint_one_cm":472734,"minecraft:walk_one_cm":538582,"minecraft:damage_blocked_by_shield":900,"minecraft:drop":52,"minecraft:talked_to_villager":1,"minecraft:play_time":232840,"minecraft:deaths":7,"minecraft:sneak_time":3507,"minecraft:walk_under_water_one_cm":15832,"minecraft:boat_one_cm":420209,"minecraft:jump":3042,"minecraft:interact_with_blast_furnace":8,"minecraft:walk_on_water_one_cm":25045,"minecraft:total_world_time":232840,"minecraft:interact_with_furnace":19,"minecraft:sleep_in_bed":12,"minecraft:time_since_rest":21537,"minecraft:damage_taken":4778,"minecraft:damage_dealt":13392,"minecraft:swim_one_cm":25696,"minecraft:fly_one_cm":524383,"minecraft:open_chest":22,"minecraft:crouch_one_cm":8575,"minecraft:interact_with_smoker":10,"minecraft:fall_one_cm":84986},"minecraft:mined":{"minecraft:white_bed":8,"minecraft:deepslate_diamond_ore":2,"minecraft:dark_oak_leaves":136,"minecraft:cobblestone_stairs":3,"minecraft:dark_oak_log":32,"biomesoplenty:bush":3,"minecraft:grass_block":1,"biomesoplenty:dune_grass":8,"minecraft:hay_block":20,"minecraft:furnace":4,"biomesoplenty:toadstool":1,"minecraft:iron_ore":75,"minecraft:fire":6,"minecraft:deepslate_lapis_ore":2,"minecraft:big_dripleaf_stem":1,"biomesoplenty:sea_oats":10,"minecraft:deepslate_iron_ore":34,"minecraft:oak_stairs":5,"minecraft:stone":66,"minecraft:podzol":6,"minecraft:smoker":1,"minecraft:dandelion":1,"minecraft:oak_fence":24,"minecraft:crafting_table":12,"minecraft:torch":6,"minecraft:short_grass":16,"minecraft:blast_furnace":1,"minecraft:poppy":1,"minecraft:rose_bush":1,"minecraft:tall_grass":6,"minecraft:copper_ore":4,"minecraft:deepslate_coal_ore":2,"minecraft:lapis_ore":2,"biomesoplenty:sprout":2,"minecraft:deepslate_gold_ore":12,"minecraft:oak_planks":1,"minecraft:diorite":1,"minecraft:wall_torch":1,"minecraft:birch_leaves":1,"biomesoplenty:waterlily":8,"biomesoplenty:clover":1,"minecraft:oak_log":39,"minecraft:coal_ore":127,"minecraft:sand":12,"minecraft:deepslate":11,"minecraft:gold_ore":2,"minecraft:oak_leaves":19},"minecraft:used":{"minecraft:oak_fence":18,"minecraft:stone_sword":188,"minecraft:rose_bush":2,"toughasnails:water_purifier":1,"minecraft:poppy":1,"minecraft:chest":2,"minecraft:shield":47,"minecraft:iron_sword":73,"minecraft:iron_chestplate":1,"minecraft:torch":177,"minecraft:dirt":19,"toughasnails:leather_purified_water_canteen":10,"minecraft:wooden_axe":15,"minecraft:iron_axe":9,"toughasnails:leather_water_canteen":44,"minecraft:hay_block":3,"minecraft:oak_sapling":3,"minecraft:furnace":5,"minecraft:cooked_beef":17,"minecraft:cobbled_deepslate":13,"minecraft:dark_oak_sapling":4,"toughasnails:empty_leather_canteen":5,"minecraft:cooked_mutton":9,"minecraft:water_bucket":36,"minecraft:glass_bottle":45,"minecraft:stone_pickaxe":131,"minecraft:oak_planks":1,"minecraft:wooden_pickaxe":14,"minecraft:sand":1,"minecraft:crafting_table":14,"toughasnails:rain_collector":4,"minecraft:blast_furnace":1,"minecraft:white_bed":9,"minecraft:smoker":2,"minecraft:bread":24,"minecraft:iron_pickaxe":179,"biomesoplenty:toadstool":1,"minecraft:stone_axe":115,"minecraft:cobblestone":31,"minecraft:potion":42,"minecraft:bucket":36,"minecraft:oak_boat":6,"minecraft:dandelion":1,"minecraft:air":7,"minecraft:golden_pickaxe":32,"minecraft:bone_meal":5},"minecraft:dropped":{"minecraft:leather":3,"minecraft:cobblestone_stairs":3,"minecraft:oxeye_daisy":1,"minecraft:dirt":1,"minecraft:diorite":1,"minecraft:wooden_axe":1,"minecraft:brown_wool":1,"minecraft:potion":3,"minecraft:oak_stairs":10,"minecraft:sand":3,"minecraft:string":5,"minecraft:white_wool":3,"minecraft:dandelion":4,"minecraft:iron_nugget":7,"minecraft:rotten_flesh":14,"minecraft:clay_ball":26,"minecraft:big_dripleaf":4,"minecraft:poppy":3,"minecraft:peony":13,"minecraft:azalea":1,"minecraft:oak_sapling":1,"minecraft:spider_eye":2,"minecraft:arrow":1,"minecraft:stone_pickaxe":1,"minecraft:wooden_pickaxe":1,"minecraft:black_wool":2},"minecraft:broken":{"minecraft:stone_sword":1,"minecraft:stone_axe":1,"minecraft:golden_pickaxe":1},"minecraft:crafted":{"minecraft:oak_planks":96,"minecraft:furnace":2,"minecraft:bone_meal":15,"toughasnails:empty_leather_canteen":2,"minecraft:cooked_mutton":9,"minecraft:glass":5,"minecraft:iron_axe":1,"minecraft:stone_pickaxe":1,"minecraft:chest":2,"minecraft:dark_oak_planks":128,"minecraft:smoker":1,"minecraft:wheat":135,"minecraft:cooked_beef":23,"minecraft:glass_bottle":3,"toughasnails:wool_helmet":1,"toughasnails:rain_collector":4,"minecraft:crafting_table":3,"minecraft:wooden_pickaxe":1,"minecraft:iron_sword":1,"minecraft:copper_ingot":9,"minecraft:bucket":1,"minecraft:stone_axe":1,"minecraft:bread":33,"minecraft:air":0,"minecraft:oak_boat":2,"minecraft:iron_chestplate":1,"toughasnails:water_purifier":1,"minecraft:shield":1,"minecraft:stick":88,"minecraft:iron_ingot":23,"minecraft:iron_pickaxe":1,"minecraft:wooden_axe":1,"minecraft:stone_sword":2,"minecraft:white_bed":2,"minecraft:torch":188,"minecraft:shears":1},"minecraft:picked_up":{"minecraft:crafting_table":14,"minecraft:iron_chestplate":5,"minecraft:clay_ball":26,"minecraft:lead":10,"minecraft:oak_stairs":10,"minecraft:potion":2,"toughasnails:leather_purified_water_canteen":5,"minecraft:shield":5,"minecraft:string":49,"minecraft:raw_copper":13,"minecraft:iron_axe":2,"minecraft:cobbled_deepslate":17,"minecraft:beef":89,"minecraft:oak_boat":7,"minecraft:rose_bush":2,"minecraft:azalea":1,"minecraft:poppy":4,"minecraft:iron_pickaxe":5,"minecraft:furnace":6,"minecraft:dark_oak_sapling":4,"minecraft:stick":262,"minecraft:raw_iron":164,"minecraft:copper_ingot":19,"minecraft:big_dripleaf":4,"minecraft:oak_fence":24,"minecraft:torch":123,"minecraft:diorite":1,"minecraft:dark_oak_planks":349,"minecraft:stone_sword":3,"minecraft:arrow":7,"minecraft:rotten_flesh":61,"minecraft:peony":13,"minecraft:shears":3,"minecraft:hay_block":21,"minecraft:saddle":2,"minecraft:gold_ingot":2,"minecraft:mutton":24,"minecraft:cobblestone":131,"minecraft:white_wool":24,"minecraft:oxeye_daisy":1,"minecraft:nautilus_shell":7,"minecraft:cooked_beef":42,"minecraft:water_bucket":5,"minecraft:brown_wool":1,"minecraft:leather":22,"minecraft:smoker":1,"minecraft:oak_log":39,"minecraft:lily_pad":5,"minecraft:cobblestone_stairs":3,"minecraft:lapis_lazuli":29,"minecraft:dirt":77,"minecraft:name_tag":3,"minecraft:cooked_mutton":8,"minecraft:bone":21,"minecraft:apple":2,"minecraft:bow":1,"minecraft:raw_gold":15,"minecraft:iron_ingot":7,"minecraft:stone_pickaxe":2,"minecraft:glass_bottle":4,"minecraft:iron_sword":2,"minecraft:oak_planks":99,"biomesoplenty:toadstool":1,"biomesoplenty:waterlily":8,"minecraft:dandelion":5,"toughasnails:empty_leather_canteen":2,"minecraft:sand":12,"minecraft:blast_furnace":1,"minecraft:white_bed":8,"minecraft:dark_oak_log":32,"minecraft:spider_eye":2,"minecraft:diamond":4,"minecraft:stone_axe":5,"minecraft:bone_meal":30,"minecraft:melon_seeds":3,"minecraft:bread":122,"minecraft:oak_sapling":4,"minecraft:black_wool":2,"minecraft:coal":294},"minecraft:killed_by":{"minecraft:zombie":4},"minecraft:killed":{"minecraft:spider":6,"minecraft:skeleton":7,"minecraft:drowned":3,"minecraft:zombie_villager":1,"minecraft:wandering_trader":2,"minecraft:creeper":1,"minecraft:sheep":15,"minecraft:trader_llama":4,"minecraft:zombie":31,"minecraft:cow":14}},"DataVersion":3953}