{"stats":{"minecraft:custom":{"minecraft:mob_kills":94,"minecraft:animals_bred":4,"minecraft:interact_with_crafting_table":39,"minecraft:leave_game":5,"minecraft:time_since_death":4480,"minecraft:climb_one_cm":230,"minecraft:sprint_one_cm":572857,"minecraft:walk_one_cm":597125,"minecraft:damage_blocked_by_shield":930,"minecraft:drop":54,"minecraft:talked_to_villager":1,"minecraft:play_time":256840,"minecraft:deaths":14,"minecraft:sneak_time":5004,"minecraft:walk_under_water_one_cm":17065,"minecraft:boat_one_cm":420209,"minecraft:jump":3702,"minecraft:interact_with_blast_furnace":8,"minecraft:walk_on_water_one_cm":27277,"minecraft:total_world_time":256840,"minecraft:interact_with_furnace":19,"minecraft:sleep_in_bed":13,"minecraft:time_since_rest":4505,"minecraft:damage_taken":7297,"minecraft:damage_dealt":14493,"minecraft:swim_one_cm":36592,"minecraft:fly_one_cm":639239,"minecraft:open_chest":23,"minecraft:crouch_one_cm":13131,"minecraft:interact_with_smoker":10,"minecraft:fall_one_cm":135460},"minecraft:mined":{"minecraft:white_bed":8,"minecraft:deepslate_diamond_ore":2,"minecraft:dark_oak_leaves":136,"minecraft:cobblestone_stairs":3,"minecraft:dark_oak_log":32,"minecraft:granite":1,"biomesoplenty:bush":3,"minecraft:grass_block":1,"biomesoplenty:dune_grass":8,"minecraft:hay_block":28,"minecraft:furnace":4,"biomesoplenty:toadstool":1,"minecraft:iron_ore":78,"minecraft:fire":6,"minecraft:andesite":1,"minecraft:deepslate_lapis_ore":2,"minecraft:big_dripleaf_stem":1,"biomesoplenty:sea_oats":10,"minecraft:deepslate_iron_ore":48,"minecraft:oak_stairs":5,"minecraft:stone":71,"minecraft:podzol":6,"minecraft:smoker":1,"minecraft:dandelion":1,"minecraft:oak_fence":24,"minecraft:crafting_table":12,"minecraft:torch":6,"minecraft:short_grass":16,"minecraft:blast_furnace":1,"minecraft:poppy":1,"minecraft:rose_bush":1,"minecraft:tall_grass":6,"minecraft:copper_ore":4,"minecraft:deepslate_coal_ore":6,"minecraft:lapis_ore":2,"biomesoplenty:sprout":2,"minecraft:deepslate_gold_ore":13,"minecraft:oak_planks":1,"minecraft:diorite":1,"minecraft:wall_torch":3,"minecraft:birch_leaves":1,"biomesoplenty:waterlily":8,"biomesoplenty:clover":1,"minecraft:oak_log":39,"minecraft:coal_ore":151,"minecraft:sand":12,"minecraft:deepslate":28,"minecraft:gold_ore":3,"minecraft:oak_leaves":19},"minecraft:used":{"minecraft:oak_fence":18,"minecraft:stone_sword":188,"minecraft:rose_bush":2,"toughasnails:water_purifier":1,"minecraft:poppy":1,"minecraft:chest":2,"minecraft:shield":48,"minecraft:iron_sword":96,"minecraft:iron_chestplate":1,"minecraft:torch":225,"minecraft:dirt":19,"minecraft:dark_oak_planks":8,"toughasnails:leather_purified_water_canteen":10,"minecraft:wooden_axe":15,"minecraft:iron_axe":9,"toughasnails:leather_water_canteen":47,"minecraft:hay_block":9,"minecraft:oak_sapling":3,"minecraft:furnace":5,"minecraft:cooked_beef":19,"minecraft:cobbled_deepslate":32,"minecraft:dark_oak_sapling":4,"toughasnails:empty_leather_canteen":5,"minecraft:cooked_mutton":9,"minecraft:water_bucket":36,"minecraft:glass_bottle":45,"minecraft:stone_pickaxe":131,"minecraft:oak_planks":1,"minecraft:wooden_pickaxe":14,"minecraft:sand":1,"minecraft:crafting_table":14,"toughasnails:rain_collector":4,"minecraft:blast_furnace":1,"minecraft:white_bed":9,"minecraft:smoker":2,"minecraft:bread":29,"minecraft:iron_pickaxe":250,"biomesoplenty:toadstool":1,"minecraft:stone_axe":115,"minecraft:cobblestone":44,"minecraft:potion":42,"minecraft:bucket":36,"minecraft:oak_boat":6,"minecraft:dandelion":1,"minecraft:air":7,"minecraft:golden_pickaxe":32,"minecraft:bone_meal":5},"minecraft:dropped":{"minecraft:leather":3,"minecraft:cobblestone_stairs":3,"minecraft:oxeye_daisy":1,"minecraft:dirt":1,"minecraft:diorite":1,"minecraft:wooden_axe":1,"minecraft:brown_wool":1,"minecraft:potion":3,"minecraft:oak_stairs":10,"minecraft:sand":3,"minecraft:iron_pickaxe":1,"minecraft:string":5,"minecraft:white_wool":3,"minecraft:dandelion":4,"minecraft:iron_nugget":7,"minecraft:rotten_flesh":14,"minecraft:clay_ball":26,"minecraft:big_dripleaf":4,"minecraft:poppy":3,"minecraft:peony":13,"minecraft:andesite":1,"minecraft:azalea":1,"minecraft:oak_sapling":1,"minecraft:spider_eye":2,"minecraft:arrow":1,"minecraft:stone_pickaxe":1,"minecraft:wooden_pickaxe":1,"minecraft:black_wool":2},"minecraft:broken":{"minecraft:stone_sword":1,"minecraft:stone_axe":1,"minecraft:iron_pickaxe":1,"minecraft:golden_pickaxe":1},"minecraft:crafted":{"minecraft:oak_planks":96,"minecraft:furnace":2,"minecraft:bone_meal":15,"toughasnails:empty_leather_canteen":2,"minecraft:cooked_mutton":9,"minecraft:glass":5,"minecraft:iron_axe":1,"minecraft:stone_pickaxe":1,"minecraft:chest":2,"minecraft:dark_oak_planks":128,"minecraft:smoker":1,"minecraft:wheat":135,"minecraft:cooked_beef":23,"minecraft:glass_bottle":3,"toughasnails:wool_helmet":1,"toughasnails:rain_collector":4,"minecraft:crafting_table":3,"minecraft:wooden_pickaxe":1,"minecraft:iron_sword":1,"minecraft:copper_ingot":9,"minecraft:bucket":1,"minecraft:stone_axe":1,"minecraft:bread":33,"minecraft:air":0,"minecraft:oak_boat":2,"minecraft:iron_chestplate":1,"toughasnails:water_purifier":1,"minecraft:shield":1,"minecraft:stick":88,"minecraft:iron_ingot":23,"minecraft:iron_pickaxe":1,"minecraft:wooden_axe":1,"minecraft:stone_sword":2,"minecraft:white_bed":2,"minecraft:torch":284,"minecraft:shears":1},"minecraft:picked_up":{"minecraft:crafting_table":17,"minecraft:iron_chestplate":7,"minecraft:clay_ball":26,"minecraft:lead":10,"minecraft:oak_stairs":10,"minecraft:potion":2,"toughasnails:leather_purified_water_canteen":5,"minecraft:shield":7,"minecraft:string":73,"minecraft:raw_copper":13,"minecraft:iron_axe":4,"minecraft:cobbled_deepslate":34,"minecraft:bucket":2,"minecraft:beef":95,"minecraft:oak_boat":7,"minecraft:rose_bush":2,"minecraft:azalea":1,"minecraft:poppy":4,"minecraft:iron_pickaxe":8,"minecraft:furnace":6,"minecraft:dark_oak_sapling":4,"minecraft:stick":262,"minecraft:raw_iron":373,"minecraft:copper_ingot":19,"minecraft:big_dripleaf":4,"minecraft:oak_fence":24,"minecraft:torch":278,"minecraft:diorite":1,"minecraft:dark_oak_planks":407,"minecraft:stone_sword":3,"minecraft:arrow":27,"minecraft:rotten_flesh":97,"minecraft:peony":13,"minecraft:shears":3,"minecraft:hay_block":35,"minecraft:saddle":5,"minecraft:gold_ingot":6,"minecraft:mutton":24,"minecraft:cobblestone":154,"minecraft:white_wool":24,"minecraft:oxeye_daisy":1,"minecraft:nautilus_shell":7,"minecraft:cooked_beef":53,"minecraft:water_bucket":5,"minecraft:andesite":1,"minecraft:brown_wool":1,"minecraft:leather":22,"minecraft:smoker":1,"minecraft:oak_log":39,"minecraft:lily_pad":5,"minecraft:cobblestone_stairs":3,"minecraft:lapis_lazuli":87,"minecraft:dirt":77,"minecraft:name_tag":6,"minecraft:cooked_mutton":8,"minecraft:bone":55,"minecraft:apple":2,"minecraft:bow":3,"minecraft:raw_gold":49,"minecraft:iron_ingot":17,"minecraft:stone_pickaxe":2,"minecraft:glass_bottle":4,"minecraft:iron_sword":4,"minecraft:oak_planks":99,"biomesoplenty:toadstool":1,"biomesoplenty:waterlily":8,"minecraft:dandelion":5,"toughasnails:empty_leather_canteen":4,"minecraft:sand":12,"minecraft:blast_furnace":1,"minecraft:white_bed":8,"minecraft:dark_oak_log":32,"minecraft:spider_eye":2,"minecraft:diamond":8,"minecraft:stone_axe":5,"minecraft:granite":1,"minecraft:bone_meal":30,"minecraft:melon_seeds":9,"minecraft:bread":130,"minecraft:oak_sapling":4,"minecraft:black_wool":2,"minecraft:coal":322},"minecraft:killed_by":{"minecraft:zombie":5},"minecraft:killed":{"minecraft:spider":6,"minecraft:skeleton":9,"minecraft:drowned":3,"minecraft:zombie_villager":1,"minecraft:wandering_trader":2,"minecraft:creeper":1,"minecraft:sheep":15,"minecraft:trader_llama":4,"minecraft:zombie":35,"minecraft:cow":14}},"DataVersion":3953}