{"stats":{"minecraft:custom":{"minecraft:mob_kills":65,"minecraft:animals_bred":4,"minecraft:interact_with_crafting_table":37,"minecraft:leave_game":5,"minecraft:time_since_death":5699,"minecraft:climb_one_cm":230,"minecraft:sprint_one_cm":367909,"minecraft:walk_one_cm":414199,"minecraft:damage_blocked_by_shield":720,"minecraft:drop":48,"minecraft:play_time":196840,"minecraft:deaths":5,"minecraft:sneak_time":2320,"minecraft:walk_under_water_one_cm":11947,"minecraft:boat_one_cm":420209,"minecraft:jump":2271,"minecraft:interact_with_blast_furnace":8,"minecraft:walk_on_water_one_cm":18507,"minecraft:total_world_time":196840,"minecraft:interact_with_furnace":19,"minecraft:sleep_in_bed":11,"minecraft:time_since_rest":3959,"minecraft:damage_taken":3228,"minecraft:damage_dealt":9000,"minecraft:swim_one_cm":19992,"minecraft:fly_one_cm":422774,"minecraft:open_chest":18,"minecraft:crouch_one_cm":4976,"minecraft:interact_with_smoker":10,"minecraft:fall_one_cm":56159},"minecraft:mined":{"minecraft:white_bed":8,"minecraft:dark_oak_leaves":136,"minecraft:cobblestone_stairs":3,"minecraft:dark_oak_log":32,"biomesoplenty:bush":3,"minecraft:grass_block":1,"biomesoplenty:dune_grass":8,"minecraft:hay_block":17,"minecraft:furnace":4,"biomesoplenty:toadstool":1,"minecraft:iron_ore":22,"minecraft:fire":6,"minecraft:big_dripleaf_stem":1,"biomesoplenty:sea_oats":10,"minecraft:oak_stairs":5,"minecraft:stone":54,"minecraft:podzol":6,"minecraft:smoker":1,"minecraft:dandelion":1,"minecraft:oak_fence":24,"minecraft:crafting_table":11,"minecraft:torch":4,"minecraft:short_grass":16,"minecraft:blast_furnace":1,"minecraft:poppy":1,"minecraft:rose_bush":1,"minecraft:tall_grass":6,"minecraft:copper_ore":4,"biomesoplenty:sprout":2,"minecraft:oak_planks":1,"minecraft:wall_torch":1,"minecraft:birch_leaves":1,"biomesoplenty:waterlily":8,"biomesoplenty:clover":1,"minecraft:oak_log":39,"minecraft:coal_ore":102,"minecraft:sand":12,"minecraft:oak_leaves":17},"minecraft:used":{"minecraft:oak_fence":18,"minecraft:stone_sword":188,"minecraft:rose_bush":2,"toughasnails:water_purifier":1,"minecraft:poppy":1,"minecraft:chest":2,"minecraft:shield":39,"minecraft:iron_chestplate":1,"minecraft:torch":63,"minecraft:dirt":19,"toughasnails:leather_purified_water_canteen":4,"minecraft:wooden_axe":15,"toughasnails:leather_water_canteen":37,"minecraft:hay_block":2,"minecraft:oak_sapling":3,"minecraft:furnace":5,"minecraft:cooked_beef":15,"minecraft:dark_oak_sapling":4,"toughasnails:empty_leather_canteen":2,"minecraft:cooked_mutton":9,"minecraft:water_bucket":20,"minecraft:glass_bottle":45,"minecraft:stone_pickaxe":131,"minecraft:oak_planks":1,"minecraft:wooden_pickaxe":14,"minecraft:sand":1,"minecraft:crafting_table":13,"toughasnails:rain_collector":4,"minecraft:blast_furnace":1,"minecraft:white_bed":9,"minecraft:smoker":2,"minecraft:bread":8,"minecraft:iron_pickaxe":21,"biomesoplenty:toadstool":1,"minecraft:stone_axe":115,"minecraft:cobblestone":19,"minecraft:potion":42,"minecraft:bucket":21,"minecraft:oak_boat":6,"minecraft:dandelion":1,"minecraft:air":7,"minecraft:golden_pickaxe":32,"minecraft:bone_meal":5},"minecraft:dropped":{"minecraft:leather":3,"minecraft:cobblestone_stairs":3,"minecraft:oxeye_daisy":1,"minecraft:dirt":1,"minecraft:wooden_axe":1,"minecraft:brown_wool":1,"minecraft:potion":3,"minecraft:oak_stairs":10,"minecraft:sand":3,"minecraft:string":5,"minecraft:white_wool":3,"minecraft:dandelion":4,"minecraft:iron_nugget":7,"minecraft:rotten_flesh":10,"minecraft:clay_ball":26,"minecraft:big_dripleaf":4,"minecraft:poppy":3,"minecraft:peony":13,"minecraft:azalea":1,"minecraft:oak_sapling":1,"minecraft:spider_eye":2,"minecraft:arrow":1,"minecraft:stone_pickaxe":1,"minecraft:wooden_pickaxe":1,"minecraft:black_wool":2},"minecraft:broken":{"minecraft:stone_sword":1,"minecraft:stone_axe":1,"minecraft:golden_pickaxe":1},"minecraft:crafted":{"minecraft:oak_planks":96,"minecraft:furnace":2,"minecraft:bone_meal":15,"toughasnails:empty_leather_canteen":1,"minecraft:cooked_mutton":9,"minecraft:glass":5,"minecraft:stone_pickaxe":1,"minecraft:chest":2,"minecraft:dark_oak_planks":128,"minecraft:smoker":1,"minecraft:wheat":135,"minecraft:cooked_beef":23,"minecraft:glass_bottle":3,"toughasnails:wool_helmet":1,"toughasnails:rain_collector":4,"minecraft:crafting_table":2,"minecraft:wooden_pickaxe":1,"minecraft:copper_ingot":9,"minecraft:bucket":1,"minecraft:stone_axe":1,"minecraft:bread":33,"minecraft:air":0,"minecraft:oak_boat":2,"minecraft:iron_chestplate":1,"toughasnails:water_purifier":1,"minecraft:shield":1,"minecraft:stick":88,"minecraft:iron_ingot":23,"minecraft:iron_pickaxe":1,"minecraft:wooden_axe":1,"minecraft:stone_sword":2,"minecraft:white_bed":2,"minecraft:torch":128,"minecraft:shears":1},"minecraft:picked_up":{"minecraft:crafting_table":11,"minecraft:iron_chestplate":3,"minecraft:clay_ball":26,"minecraft:lead":8,"minecraft:oak_stairs":10,"minecraft:potion":2,"toughasnails:leather_purified_water_canteen":3,"minecraft:shield":3,"minecraft:string":37,"minecraft:raw_copper":13,"minecraft:beef":80,"minecraft:oak_boat":7,"minecraft:rose_bush":2,"minecraft:azalea":1,"minecraft:poppy":4,"minecraft:iron_pickaxe":3,"minecraft:furnace":6,"minecraft:dark_oak_sapling":4,"minecraft:stick":164,"minecraft:raw_iron":22,"minecraft:copper_ingot":19,"minecraft:big_dripleaf":4,"minecraft:oak_fence":24,"minecraft:torch":9,"minecraft:dark_oak_planks":291,"minecraft:stone_sword":3,"minecraft:arrow":3,"minecraft:rotten_flesh":37,"minecraft:peony":13,"minecraft:shears":3,"minecraft:hay_block":17,"minecraft:mutton":24,"minecraft:cobblestone":99,"minecraft:white_wool":24,"minecraft:oxeye_daisy":1,"minecraft:nautilus_shell":7,"minecraft:cooked_beef":27,"minecraft:water_bucket":3,"minecraft:brown_wool":1,"minecraft:leather":20,"minecraft:smoker":1,"minecraft:oak_log":39,"minecraft:lily_pad":5,"minecraft:cobblestone_stairs":3,"minecraft:dirt":77,"minecraft:cooked_mutton":8,"minecraft:bone":5,"minecraft:apple":2,"minecraft:stone_pickaxe":2,"minecraft:glass_bottle":4,"minecraft:oak_planks":99,"biomesoplenty:toadstool":1,"biomesoplenty:waterlily":8,"minecraft:dandelion":5,"minecraft:sand":12,"minecraft:blast_furnace":1,"minecraft:white_bed":8,"minecraft:dark_oak_log":32,"minecraft:spider_eye":2,"minecraft:stone_axe":5,"minecraft:bone_meal":30,"minecraft:bread":79,"minecraft:oak_sapling":4,"minecraft:black_wool":2,"minecraft:coal":262},"minecraft:killed_by":{"minecraft:zombie":3},"minecraft:killed":{"minecraft:spider":6,"minecraft:skeleton":3,"minecraft:drowned":3,"minecraft:zombie_villager":1,"minecraft:wandering_trader":1,"minecraft:creeper":1,"minecraft:sheep":15,"minecraft:trader_llama":2,"minecraft:zombie":18,"minecraft:cow":13}},"DataVersion":3953}