{"stats":{"minecraft:crafted":{"minecraft:cooked_beef":23,"minecraft:glass_bottle":3,"minecraft:oak_planks":76,"toughasnails:wool_helmet":1,"minecraft:crafting_table":2,"minecraft:wooden_pickaxe":1,"minecraft:furnace":2,"minecraft:bucket":1,"minecraft:stone_axe":1,"minecraft:cooked_mutton":9,"minecraft:air":0,"minecraft:oak_boat":2,"minecraft:glass":3,"minecraft:shield":1,"minecraft:stick":40,"minecraft:iron_ingot":9,"minecraft:iron_pickaxe":1,"minecraft:stone_pickaxe":1,"minecraft:wooden_axe":1,"minecraft:stone_sword":2,"minecraft:white_bed":2,"minecraft:torch":128,"minecraft:smoker":1},"minecraft:picked_up":{"minecraft:nautilus_shell":3,"minecraft:crafting_table":11,"minecraft:clay_ball":26,"minecraft:brown_wool":1,"minecraft:leather":20,"minecraft:smoker":1,"minecraft:potion":2,"minecraft:lily_pad":5,"minecraft:oak_log":23,"minecraft:dirt":43,"minecraft:cooked_mutton":8,"minecraft:bone":5,"minecraft:apple":2,"minecraft:beef":80,"minecraft:stone_pickaxe":2,"minecraft:oak_boat":5,"minecraft:rose_bush":2,"minecraft:azalea":1,"minecraft:glass_bottle":4,"minecraft:oak_planks":99,"biomesoplenty:waterlily":8,"minecraft:furnace":6,"biomesoplenty:toadstool":1,"minecraft:dark_oak_sapling":4,"minecraft:stick":5,"minecraft:raw_iron":22,"minecraft:big_dripleaf":4,"minecraft:copper_ingot":1,"minecraft:torch":9,"minecraft:dandelion":1,"minecraft:sand":7,"minecraft:white_bed":8,"minecraft:dark_oak_log":32,"minecraft:arrow":3,"minecraft:rotten_flesh":4,"minecraft:stone_axe":2,"minecraft:oak_sapling":1,"minecraft:mutton":24,"minecraft:black_wool":1,"minecraft:coal":262,"minecraft:white_wool":23,"minecraft:cobblestone":75},"minecraft:used":{"minecraft:cooked_mutton":9,"minecraft:water_bucket":4,"minecraft:rose_bush":2,"minecraft:stone_sword":84,"minecraft:glass_bottle":41,"minecraft:stone_pickaxe":131,"minecraft:oak_planks":1,"minecraft:shield":6,"minecraft:wooden_pickaxe":14,"minecraft:torch":63,"minecraft:sand":1,"minecraft:dirt":14,"minecraft:crafting_table":12,"minecraft:white_bed":9,"minecraft:smoker":1,"minecraft:wooden_axe":15,"minecraft:iron_pickaxe":13,"biomesoplenty:toadstool":1,"minecraft:stone_axe":63,"minecraft:cobblestone":19,"minecraft:potion":38,"minecraft:furnace":4,"minecraft:bucket":5,"minecraft:oak_boat":5,"minecraft:air":6,"minecraft:golden_pickaxe":32,"minecraft:cooked_beef":7,"minecraft:dandelion":1},"minecraft:mined":{"minecraft:white_bed":8,"minecraft:dark_oak_leaves":136,"minecraft:smoker":1,"minecraft:dark_oak_log":32,"minecraft:crafting_table":11,"minecraft:torch":4,"minecraft:short_grass":8,"minecraft:grass_block":1,"minecraft:rose_bush":1,"minecraft:tall_grass":6,"biomesoplenty:sprout":2,"minecraft:oak_planks":1,"minecraft:wall_torch":1,"biomesoplenty:dune_grass":8,"minecraft:furnace":4,"biomesoplenty:toadstool":1,"minecraft:iron_ore":22,"minecraft:fire":6,"minecraft:birch_leaves":1,"biomesoplenty:waterlily":8,"minecraft:big_dripleaf_stem":1,"biomesoplenty:sea_oats":10,"biomesoplenty:clover":1,"minecraft:oak_log":23,"minecraft:coal_ore":102,"minecraft:sand":7,"minecraft:stone":54,"minecraft:oak_leaves":16},"minecraft:killed":{"minecraft:creeper":1,"minecraft:skeleton":3,"minecraft:sheep":15,"minecraft:zombie":3,"minecraft:drowned":2,"minecraft:cow":13},"minecraft:broken":{"minecraft:golden_pickaxe":1},"minecraft:custom":{"minecraft:interact_with_furnace":17,"minecraft:mob_kills":38,"minecraft:interact_with_crafting_table":22,"minecraft:leave_game":1,"minecraft:time_since_death":54177,"minecraft:sleep_in_bed":7,"minecraft:climb_one_cm":230,"minecraft:time_since_rest":125,"minecraft:sprint_one_cm":192909,"minecraft:damage_taken":1448,"minecraft:walk_one_cm":184362,"minecraft:damage_blocked_by_shield":165,"minecraft:drop":21,"minecraft:damage_dealt":4019,"minecraft:swim_one_cm":14536,"minecraft:fly_one_cm":236670,"minecraft:open_chest":2,"minecraft:crouch_one_cm":2266,"minecraft:play_time":87640,"minecraft:deaths":2,"minecraft:sneak_time":1506,"minecraft:walk_under_water_one_cm":11782,"minecraft:boat_one_cm":367051,"minecraft:jump":1376,"minecraft:walk_on_water_one_cm":12696,"minecraft:interact_with_smoker":8,"minecraft:total_world_time":87640,"minecraft:fall_one_cm":36365},"minecraft:dropped":{"minecraft:iron_nugget":7,"minecraft:rotten_flesh":1,"minecraft:clay_ball":26,"minecraft:leather":3,"minecraft:big_dripleaf":4,"minecraft:dirt":1,"minecraft:wooden_axe":1,"minecraft:brown_wool":1,"minecraft:azalea":1,"minecraft:oak_sapling":1,"minecraft:sand":3,"minecraft:arrow":1,"minecraft:stone_pickaxe":1,"minecraft:wooden_pickaxe":1,"minecraft:white_wool":2,"minecraft:black_wool":1}},"DataVersion":3953}