{"stats":{"minecraft:picked_up":{"minecraft:crafting_table":5,"minecraft:wheat":2,"minecraft:andesite":1,"minecraft:dirt":3,"minecraft:string":1,"minecraft:raw_copper":4,"minecraft:bone":7,"minecraft:wheat_seeds":1,"minecraft:cobbled_deepslate":7,"minecraft:cobweb":3,"minecraft:bamboo":7,"regions_unexplored:bamboo_log":3,"regions_unexplored:redwood_log":32,"minecraft:furnace":2,"minecraft:raw_iron":28,"regions_unexplored:salmonberry":2,"minecraft:torch":2,"minecraft:mossy_cobblestone":1,"minecraft:arrow":1,"minecraft:rotten_flesh":9,"minecraft:saddle":1,"minecraft:coal":81,"minecraft:cobblestone":71},"minecraft:crafted":{"minecraft:crafting_table":1,"minecraft:spruce_planks":16,"minecraft:wooden_pickaxe":1,"minecraft:iron_sword":1,"minecraft:furnace":2,"minecraft:bucket":1,"minecraft:stone_axe":1,"minecraft:bread":1,"minecraft:air":0,"regions_unexplored:redwood_planks":128,"minecraft:iron_chestplate":1,"minecraft:charcoal":6,"minecraft:shield":1,"minecraft:stick":96,"minecraft:iron_ingot":28,"minecraft:iron_pickaxe":1,"minecraft:stone_pickaxe":1,"minecraft:iron_leggings":1,"minecraft:torch":156},"minecraft:custom":{"minecraft:interact_with_furnace":14,"minecraft:mob_kills":10,"minecraft:interact_with_crafting_table":17,"minecraft:leave_game":7,"minecraft:time_since_death":83096,"minecraft:sleep_in_bed":4,"minecraft:time_since_rest":887,"minecraft:sprint_one_cm":132318,"minecraft:damage_taken":852,"minecraft:walk_one_cm":221911,"minecraft:damage_blocked_by_shield":210,"minecraft:drop":10,"minecraft:damage_dealt":2220,"minecraft:swim_one_cm":17634,"minecraft:talked_to_villager":2,"minecraft:fly_one_cm":66637,"minecraft:open_chest":18,"minecraft:crouch_one_cm":11710,"minecraft:play_time":83096,"minecraft:sneak_time":3981,"minecraft:walk_under_water_one_cm":16375,"minecraft:interact_with_lectern":1,"minecraft:jump":938,"minecraft:interact_with_blast_furnace":1,"minecraft:walk_on_water_one_cm":31235,"minecraft:interact_with_smoker":1,"minecraft:total_world_time":83096,"minecraft:fall_one_cm":20451},"minecraft:dropped":{"regions_unexplored:bamboo_log":1,"minecraft:raw_copper":4,"minecraft:rotten_flesh":2,"minecraft:cobweb":3,"minecraft:wooden_pickaxe":1,"minecraft:stone_pickaxe":1},"minecraft:used":{"minecraft:water_bucket":2,"minecraft:stone_pickaxe":66,"minecraft:wooden_pickaxe":3,"minecraft:shield":7,"minecraft:iron_sword":44,"regions_unexplored:salmonberry":5,"minecraft:rotten_flesh":6,"minecraft:torch":67,"minecraft:mossy_cobblestone":1,"minecraft:dirt":3,"regions_unexplored:redwood_planks":4,"minecraft:crafting_table":5,"minecraft:lava_bucket":1,"minecraft:bread":12,"minecraft:iron_pickaxe":109,"minecraft:stone_axe":35,"minecraft:cobblestone":27,"minecraft:furnace":3,"minecraft:bucket":4,"minecraft:andesite":1},"minecraft:mined":{"minecraft:podzol":2,"minecraft:mossy_cobblestone":1,"minecraft:crafting_table":5,"minecraft:torch":1,"regions_unexplored:bamboo_log":3,"minecraft:furnace":2,"realmrpg_skeletons:webbed_skeleton":1,"minecraft:iron_ore":19,"minecraft:andesite":1,"regions_unexplored:redwood_leaves":11,"realmrpg_skeletons:devastated_skeleton":1,"minecraft:coal_ore":72,"minecraft:deepslate_iron_ore":9,"minecraft:dirt":1,"minecraft:bamboo":1,"minecraft:stone":68,"regions_unexplored:redwood_log":33,"pots_and_mimics:treasure_pot":4,"minecraft:deepslate":2,"minecraft:fern":1},"minecraft:killed":{"minecraft:bat":1,"minecraft:skeleton":1,"minecraft:zombie":6,"realmrpg_demons:chort":2}},"DataVersion":3465}