{"stats":{"minecraft:picked_up":{"minecraft:oak_log":5,"minecraft:lantern":1},"minecraft:custom":{"minecraft:jump":70,"minecraft:time_since_rest":9654,"minecraft:damage_taken":230,"minecraft:crouch_one_cm":4242,"minecraft:leave_game":2,"minecraft:sprint_one_cm":11875,"minecraft:play_time":9654,"minecraft:time_since_death":9654,"minecraft:walk_one_cm":17607,"minecraft:climb_one_cm":1012,"minecraft:sneak_time":1476,"minecraft:total_world_time":9654,"minecraft:fall_one_cm":2782,"minecraft:fly_one_cm":37484},"minecraft:mined":{"minecraft:fire":35,"minecraft:oak_log":5,"immersive_weathering:soot":2},"minecraft:used":{"minecraft:oak_planks":4},"minecraft:crafted":{"minecraft:crafting_table":1,"minecraft:oak_planks":20,"minecraft:stick":16}},"DataVersion":3465}