{"stats":{"minecraft:dropped":{"minecraft:rotten_flesh":3},"minecraft:picked_up":{"minecraft:leather":1,"minecraft:oak_log":5,"minecraft:yellow_bed":2,"minecraft:lantern":1,"minecraft:rotten_flesh":3,"minecraft:bow":1,"minecraft:iron_block":1,"minecraft:iron_pickaxe":1,"minecraft:baked_potato":3,"minecraft:iron_sword":1},"minecraft:custom":{"minecraft:time_since_rest":6414,"minecraft:interact_with_furnace":7,"minecraft:sprint_one_cm":63788,"minecraft:damage_taken":410,"minecraft:walk_one_cm":129772,"minecraft:drop":1,"minecraft:damage_dealt":10,"minecraft:fly_one_cm":89195,"minecraft:open_barrel":1,"minecraft:open_chest":13,"minecraft:crouch_one_cm":5994,"minecraft:play_time":29498,"minecraft:deaths":1,"minecraft:interact_with_campfire":3,"minecraft:sneak_time":1938,"minecraft:jump":303,"minecraft:leave_game":3,"minecraft:time_since_death":19755,"minecraft:climb_one_cm":2851,"minecraft:total_world_time":29498,"minecraft:sleep_in_bed":2,"minecraft:interact_with_smoker":2,"minecraft:fall_one_cm":9238},"minecraft:mined":{"minecraft:fire":41,"minecraft:yellow_bed":2,"minecraft:oak_log":5,"immersive_weathering:soot":2,"minecraft:iron_block":1},"minecraft:used":{"minecraft:apple":1,"minecraft:bread":2,"minecraft:iron_pickaxe":1,"minecraft:baked_potato":1,"minecraft:oak_planks":4,"minecraft:leather_helmet":1,"minecraft:iron_helmet":1,"minecraft:iron_boots":1,"minecraft:leather_boots":1,"minecraft:iron_chestplate":1,"minecraft:yellow_bed":2,"minecraft:iron_leggings":1},"minecraft:crafted":{"minecraft:oak_planks":20,"minecraft:crafting_table":1,"minecraft:stick":16,"minecraft:iron_ingot":9}},"DataVersion":3465}