{"stats":{"minecraft:crafted":{"minecraft:cooked_beef":23,"minecraft:glass_bottle":3,"minecraft:oak_planks":76,"toughasnails:wool_helmet":1,"minecraft:crafting_table":2,"minecraft:wooden_pickaxe":1,"minecraft:furnace":1,"minecraft:stone_axe":1,"minecraft:cooked_mutton":9,"minecraft:air":0,"minecraft:oak_boat":2,"minecraft:glass":3,"minecraft:stick":40,"minecraft:stone_pickaxe":1,"minecraft:wooden_axe":1,"minecraft:stone_sword":2,"minecraft:white_bed":2,"minecraft:torch":120,"minecraft:smoker":1},"minecraft:picked_up":{"minecraft:nautilus_shell":3,"minecraft:crafting_table":8,"minecraft:leather":20,"minecraft:smoker":1,"minecraft:potion":2,"minecraft:oak_log":23,"minecraft:dirt":42,"minecraft:cooked_mutton":8,"minecraft:apple":2,"minecraft:beef":80,"minecraft:stone_pickaxe":2,"minecraft:oak_boat":5,"minecraft:rose_bush":2,"minecraft:glass_bottle":4,"minecraft:oak_planks":99,"minecraft:furnace":5,"biomesoplenty:toadstool":1,"minecraft:dark_oak_sapling":4,"minecraft:stick":5,"minecraft:raw_iron":11,"minecraft:copper_ingot":1,"minecraft:torch":4,"minecraft:dandelion":1,"minecraft:sand":7,"minecraft:white_bed":6,"minecraft:dark_oak_log":32,"minecraft:rotten_flesh":2,"minecraft:stone_axe":2,"minecraft:oak_sapling":1,"minecraft:mutton":20,"minecraft:black_wool":1,"minecraft:coal":206,"minecraft:white_wool":21,"minecraft:cobblestone":64},"minecraft:used":{"minecraft:cooked_mutton":9,"minecraft:rose_bush":2,"minecraft:stone_sword":57,"minecraft:glass_bottle":20,"minecraft:stone_pickaxe":116,"minecraft:oak_planks":1,"minecraft:wooden_pickaxe":14,"minecraft:torch":23,"minecraft:sand":1,"minecraft:dirt":3,"minecraft:crafting_table":9,"minecraft:white_bed":7,"minecraft:smoker":1,"minecraft:wooden_axe":15,"biomesoplenty:toadstool":1,"minecraft:stone_axe":62,"minecraft:cobblestone":13,"minecraft:potion":17,"minecraft:furnace":3,"minecraft:oak_boat":4,"minecraft:golden_pickaxe":1,"minecraft:cooked_beef":2,"minecraft:dandelion":1},"minecraft:mined":{"minecraft:white_bed":6,"minecraft:dark_oak_leaves":136,"minecraft:smoker":1,"minecraft:dark_oak_log":32,"minecraft:crafting_table":8,"minecraft:torch":2,"minecraft:short_grass":7,"minecraft:rose_bush":1,"minecraft:tall_grass":6,"biomesoplenty:sprout":2,"minecraft:oak_planks":1,"biomesoplenty:dune_grass":8,"minecraft:furnace":3,"biomesoplenty:toadstool":1,"minecraft:iron_ore":11,"minecraft:fire":6,"minecraft:birch_leaves":1,"biomesoplenty:sea_oats":10,"biomesoplenty:clover":1,"minecraft:oak_log":23,"minecraft:coal_ore":70,"minecraft:sand":7,"minecraft:stone":42,"minecraft:oak_leaves":16},"minecraft:killed":{"minecraft:creeper":1,"minecraft:sheep":12,"minecraft:zombie":2,"minecraft:drowned":2,"minecraft:cow":13},"minecraft:custom":{"minecraft:interact_with_furnace":12,"minecraft:mob_kills":30,"minecraft:interact_with_crafting_table":17,"minecraft:leave_game":1,"minecraft:time_since_death":30177,"minecraft:sleep_in_bed":5,"minecraft:time_since_rest":3792,"minecraft:sprint_one_cm":145397,"minecraft:damage_taken":1063,"minecraft:walk_one_cm":137366,"minecraft:drop":8,"minecraft:damage_dealt":3051,"minecraft:swim_one_cm":11186,"minecraft:fly_one_cm":196133,"minecraft:open_chest":1,"minecraft:crouch_one_cm":1949,"minecraft:play_time":63640,"minecraft:deaths":2,"minecraft:sneak_time":1246,"minecraft:walk_under_water_one_cm":9573,"minecraft:boat_one_cm":289834,"minecraft:jump":1045,"minecraft:walk_on_water_one_cm":5432,"minecraft:interact_with_smoker":8,"minecraft:total_world_time":63640,"minecraft:fall_one_cm":30123},"minecraft:dropped":{"minecraft:rotten_flesh":1,"minecraft:leather":3,"minecraft:wooden_axe":1,"minecraft:oak_sapling":1,"minecraft:wooden_pickaxe":1,"minecraft:black_wool":1}},"DataVersion":3953}