{"stats":{"minecraft:picked_up":{"minecraft:birch_log":8,"minecraft:stick":1,"minecraft:crafting_table":3,"minecraft:leather":5,"minecraft:oak_log":11,"minecraft:dirt":1,"minecraft:beef":9,"minecraft:oak_boat":1,"minecraft:oak_sapling":2,"minecraft:birch_sapling":2,"minecraft:cobblestone":11},"minecraft:dropped":{"minecraft:birch_sapling":1},"minecraft:killed":{"minecraft:cow":4},"minecraft:crafted":{"minecraft:oak_boat":1,"minecraft:oak_planks":20,"minecraft:crafting_table":1,"minecraft:stick":8,"minecraft:wooden_pickaxe":1,"minecraft:stone_axe":1},"minecraft:custom":{"minecraft:time_since_rest":13959,"minecraft:sprint_one_cm":31861,"minecraft:damage_taken":170,"minecraft:walk_one_cm":31619,"minecraft:mob_kills":4,"minecraft:drop":1,"minecraft:damage_dealt":400,"minecraft:interact_with_crafting_table":4,"minecraft:fly_one_cm":13383,"minecraft:crouch_one_cm":669,"minecraft:play_time":13959,"minecraft:sneak_time":588,"minecraft:boat_one_cm":37305,"minecraft:jump":146,"minecraft:leave_game":1,"minecraft:walk_on_water_one_cm":757,"minecraft:time_since_death":13959,"minecraft:total_world_time":13959,"minecraft:fall_one_cm":3587},"minecraft:mined":{"minecraft:birch_log":1,"treechop:chopped_log":2,"minecraft:crafting_table":3,"minecraft:grass_block":1,"minecraft:oak_log":5,"minecraft:stone":11,"minecraft:oak_leaves":1},"minecraft:used":{"minecraft:birch_sapling":1,"minecraft:wooden_pickaxe":11,"minecraft:stone_axe":21,"minecraft:dirt":1,"minecraft:crafting_table":3,"minecraft:birch_log":1,"minecraft:oak_boat":2}},"DataVersion":3465}