{"stats":{"minecraft:mined":{"minecraft:white_bed":9,"minecraft:black_terracotta":1,"regions_unexplored:magnolia_log":4,"minecraft:granite":20,"epicsamurai:silver_ore":4,"minecraft:spawner":3,"epicsamurai:deepslate_jade_ore":6,"regions_unexplored:pointed_redstone":1,"minecraft:brown_stained_glass":2,"minecraft:cobbled_deepslate":3,"minecraft:barrel":16,"biomesoplenty:violet":1,"minecraft:pumpkin":2,"minecraft:moss_carpet":3,"minecraft:stripped_dark_oak_wood":2,"minecraft:spruce_pressure_plate":6,"minecraft:oak_stairs":5,"minecraft:spruce_wood":6,"betterarcheology:loot_vase":1,"minecraft:tripwire":1,"minecraft:red_bed":2,"minecraft:kelp_plant":53,"minecraft:smoker":2,"regions_unexplored:white_magnolia_leaves":2,"minecraft:powder_snow":4,"minecraft:torch":8,"minecraft:blast_furnace":3,"minecraft:nether_brick_slab":2,"minecraft:potted_oak_sapling":2,"minecraft:bricks":1,"minecraft:wither_rose":28,"minecraft:grass":65,"regions_unexplored:clover":1,"minecraft:smooth_basalt":1,"minecraft:deepslate":83,"biomesoplenty:reed":11,"biomesoplenty:orange_autumn_leaves":1,"minecraft:dark_prismarine":4,"minecraft:mossy_cobblestone":1,"epicsamurai:deepslate_onyx_ore":1,"minecraft:nether_bricks":5,"minecraft:allium":2,"regions_unexplored:maple_leaves":2,"minecraft:potted_bamboo":2,"minecraft:moss_block":7,"minecraft:kelp":2,"minecraft:redstone_ore":1,"minecraft:andesite":10,"dynamictrees:dark_oak_root":1,"minecraft:vine":2,"minecraft:bamboo":62,"vs_eureka:floater":4,"epicsamurai:jade_ore":4,"biomesoplenty:redwood_planks":14,"minecraft:glass_pane":2,"minecraft:stone_brick_slab":2,"minecraft:campfire":1,"vs_eureka:dark_oak_ship_helm":1,"minecraft:deepslate_gold_ore":40,"minecraft:diorite":16,"minecraft:coarse_dirt":17,"minecraft:white_carpet":6,"minecraft:spruce_log":16,"minecraft:birch_leaves":2,"regions_unexplored:magnolia_shrub":2,"minecraft:pitcher_crop":1,"minecraft:zombie_head":2,"minecraft:gravel":17,"minecraft:cobweb":11,"minecraft:brown_terracotta":2,"minecraft:stone_bricks":1,"minecraft:gold_ore":4,"vs_eureka:engine":2,"minecraft:fern":299,"minecraft:stone_pressure_plate":2,"minecraft:spruce_planks":2,"regions_unexplored:maple_log":19,"minecraft:sculk_vein":9,"regions_unexplored:hanging_prismarite":3,"minecraft:grass_block":17,"minecraft:gray_banner":1,"biomesoplenty:flowering_oak_leaves":19,"minecraft:mossy_cobblestone_slab":1,"minecraft:iron_ore":7,"regions_unexplored:redwood_planks":1,"biomesoplenty:hanging_cobweb":1,"minecraft:pointed_dripstone":2,"minecraft:iron_bars":26,"epicsamurai:deepslate_silver_ore":50,"minecraft:dead_fire_coral":1,"minecraft:deepslate_redstone_ore":7,"minecraft:cyan_terracotta":1,"minecraft:mossy_cobblestone_wall":1,"minecraft:chest":13,"minecraft:cobblestone":31,"minecraft:grindstone":1,"minecraft:prismarine":4,"minecraft:oak_planks":268,"regions_unexplored:bamboo_log":2,"minecraft:iron_door":2,"minecraft:wall_torch":5,"minecraft:light_blue_terracotta":2,"minecraft:blue_terracotta":2,"minecraft:birch_log":12,"minecraft:tnt":3,"minecraft:oak_log":62,"minecraft:sand":30,"minecraft:dirt":11,"biomesoplenty:umbran_leaves":83,"minecraft:netherrack":1,"minecraft:oak_leaves":123,"realmrpg_skeletons:waterdrop_skeleton":1,"minecraft:diamond_ore":1,"minecraft:tuff":3,"minecraft:stripped_mangrove_log":2,"minecraft:deepslate_diamond_ore":18,"minecraft:ladder":1,"gravestone:gravestone":10,"biomesoplenty:bush":24,"epicsamurai:deepslate_ruby_ore":12,"minecraft:decorated_pot":2,"minecraft:brick_stairs":1,"minecraft:mangrove_trapdoor":2,"minecraft:sandstone":2,"minecraft:large_fern":38,"minecraft:hay_block":66,"minecraft:furnace":5,"minecraft:carrots":58,"minecraft:light_gray_shulker_box":1,"regions_unexplored:white_magnolia_shrub":3,"regions_unexplored:frozen_grass":1,"minecraft:bookshelf":12,"farmersdelight:rope":2,"minecraft:deepslate_iron_ore":38,"minecraft:packed_ice":1,"regions_unexplored:medium_grass":5,"biomesoplenty:spider_egg":2,"minecraft:stone":237,"minecraft:podzol":2,"regions_unexplored:chalk_grass_block":2,"minecraft:scaffolding":76,"minecraft:polished_granite":1,"epicsamurai:deepslate_aquamarine_ore":16,"minecraft:oak_fence":2,"minecraft:crafting_table":23,"minecraft:lectern":2,"biomesoplenty:sprout":1,"biomesoplenty:huge_clover_petal":1,"minecraft:sculk":6,"epicsamurai:polished_spirit_stone":1,"minecraft:prismarine_bricks":3,"minecraft:dead_fire_coral_block":1,"minecraft:ice":5,"realmrpg_skeletons:melted_skeleton":1,"minecraft:coal_ore":25,"minecraft:cracked_stone_bricks":1,"biomesoplenty:redwood_wood":36,"pots_and_mimics:treasure_pot":26,"epicsamurai:ruby_ore":11},"minecraft:picked_up":{"regions_unexplored:pointed_redstone":1,"minecraft:seagrass":1,"minecraft:iron_chestplate":1,"minecraft:prismarine_shard":5,"minecraft:flower_pot":5,"regions_unexplored:magnolia_log":4,"minecraft:lead":9,"minecraft:oak_stairs":6,"biomesoplenty:violet":1,"minecraft:wither_rose":28,"minecraft:enchanted_book":9,"minecraft:string":121,"dynamictrees:dark_oak_seed":5,"minecraft:cobbled_deepslate":108,"minecraft:gold_nugget":9,"minecraft:spruce_planks":6,"biomesoplenty:redwood_wood":35,"minecraft:spruce_pressure_plate":6,"minecraft:tropical_fish":2,"minecraft:cyan_terracotta":1,"farmersdelight:rope":12,"minecraft:iron_bars":28,"minecraft:snowball":2,"minecraft:birch_log":26,"farmersdelight:rice":12,"minecraft:mossy_cobblestone_slab":2,"minecraft:feather":6,"minecraft:cooked_beef":7,"minecraft:iron_door":3,"minecraft:water_bucket":1,"regions_unexplored:white_magnolia_shrub":3,"minecraft:dark_oak_boat":23,"minecraft:smoker":2,"farmersdelight:bacon":5,"minecraft:flint":3,"minecraft:glowstone_dust":1,"minecraft:pitcher_pod":1,"epicsamurai:raw_silver":54,"regions_unexplored:bamboo_log":2,"regions_unexplored:salmonberry":23,"minecraft:dark_oak_log":34,"minecraft:barrel":15,"regions_unexplored:clover":1,"minecraft:granite":22,"minecraft:golden_horse_armor":2,"minecraft:chainmail_helmet":1,"minecraft:bread":32,"epicsamurai:ruby":23,"minecraft:bricks":1,"minecraft:crafting_table":22,"minecraft:coarse_dirt":17,"minecraft:leather_leggings":1,"gravestone:obituary":1,"minecraft:stripped_mangrove_log":2,"minecraft:red_bed":1,"minecraft:white_carpet":6,"epicsamurai:jade":13,"minecraft:iron_shovel":1,"minecraft:cracked_stone_bricks":1,"minecraft:beef":21,"minecraft:minecart":2,"minecraft:chest":15,"minecraft:birch_sapling":1,"vs_eureka:engine":2,"minecraft:egg":2,"minecraft:sandstone":1,"minecraft:spruce_fence":3,"sophisticatedbackpacks:backpack":1,"minecraft:carrot":219,"minecraft:redstone":35,"minecraft:mangrove_trapdoor":3,"minecraft:tnt":3,"minecraft:diamond_chestplate":1,"minecraft:diamond_boots":1,"minecraft:hay_block":78,"minecraft:gold_ingot":47,"sophisticatedbackpacks:copper_backpack":1,"minecraft:mutton":8,"minecraft:white_wool":1,"minecraft:rail":5,"epicsamurai:kitsune_hide":5,"minecraft:clock":1,"minecraft:red_mushroom":5,"minecraft:filled_map":1,"minecraft:oak_log":260,"minecraft:golden_boots":1,"minecraft:white_banner":1,"minecraft:stone_bricks":2,"minecraft:apple":8,"minecraft:kelp":461,"minecraft:blade_pottery_sherd":1,"minecraft:glass_bottle":2,"epicsamurai:aquamarine":16,"minecraft:smooth_basalt":1,"regions_unexplored:white_magnolia_sapling":3,"minecraft:sweet_berries":2,"minecraft:gravel":20,"aquaculture:red_grouper":1,"minecraft:spruce_log":21,"minecraft:leather_helmet":1,"biomesoplenty:flowering_oak_sapling":2,"minecraft:infested_stone_bricks":6,"minecraft:diamond_shovel":1,"minecraft:stone_axe":1,"vs_eureka:floater":4,"minecraft:slime_ball":1,"minecraft:ender_pearl":12,"epicsamurai:cloth":1,"minecraft:wheat":16,"minecraft:light_gray_shulker_box":1,"minecraft:potion":3,"regions_unexplored:magnolia_shrub":2,"minecraft:raw_copper":2,"minecraft:zombie_head":2,"minecraft:experience_bottle":8,"minecraft:sea_pickle":3,"minecraft:tnt_minecart":1,"minecraft:bucket":2,"pots_and_mimics:treasure_pot":1,"dynamictrees:oak_seed":73,"minecraft:iron_pickaxe":3,"farmersdelight:cabbage_seeds":6,"minecraft:furnace":5,"minecraft:tipped_arrow":15,"minecraft:stick":352,"minecraft:brown_terracotta":2,"minecraft:oak_fence":2,"minecraft:torch":43,"minecraft:porkchop":2,"minecraft:snow_block":8,"aquaculture:atlantic_halibut":1,"minecraft:pointed_dripstone":10,"minecraft:diorite":12,"minecraft:rotten_flesh":136,"minecraft:cod":3,"minecraft:cobblestone":288,"minecraft:leather_chestplate":1,"aquaculture:tuna":1,"minecraft:andesite":10,"minecraft:golden_leggings":2,"minecraft:potato":2,"paraglider:spirit_orb":10,"minecraft:tuff":5,"minecraft:prismarine_bricks":3,"epicsamurai:polished_spirit_stone":1,"minecraft:lapis_lazuli":7,"minecraft:dirt":31,"minecraft:polished_granite":1,"minecraft:bone":108,"minecraft:bow":9,"minecraft:wheat_seeds":63,"minecraft:raw_gold":76,"minecraft:grindstone":1,"minecraft:mossy_stone_bricks":1,"minecraft:bamboo":290,"minecraft:prismarine":5,"minecraft:oak_planks":249,"minecraft:mossy_stone_brick_stairs":1,"aquaculture:atlantic_herring":2,"minecraft:sand":49,"regions_unexplored:chalk":2,"minecraft:grass_block":1,"minecraft:mossy_cobblestone":2,"minecraft:dark_prismarine":4,"minecraft:light_blue_terracotta":2,"minecraft:diamond":26,"minecraft:spruce_boat":1,"epicsamurai:jorogumo_eye":1,"minecraft:golden_apple":2,"minecraft:emerald":29,"minecraft:oak_sapling":7,"minecraft:netherrack":1,"minecraft:fishing_rod":1,"minecraft:charcoal":3,"minecraft:allium":2,"minecraft:splash_potion":1,"minecraft:chicken":3,"minecraft:ladder":1,"minecraft:brown_mushroom":1,"minecraft:diamond_horse_armor":2,"minecraft:brick":14,"minecraft:shield":3,"minecraft:moss_carpet":3,"graveyard:corruption":4,"minecraft:mossy_cobblestone_wall":1,"farmersdelight:straw":7,"minecraft:lectern":2,"regions_unexplored:redwood_planks":1,"minecraft:raw_iron":63,"regions_unexplored:redwood_boat":3,"minecraft:stone_button":2,"minecraft:trident":1,"minecraft:iron_horse_armor":2,"minecraft:stone_pressure_plate":2,"biomesoplenty:redwood_planks":14,"minecraft:arrow":75,"regions_unexplored:maple_sapling":1,"biomesoplenty:umbran_sapling":12,"minecraft:nether_bricks":5,"minecraft:stripped_dark_oak_wood":1,"minecraft:brick_stairs":1,"minecraft:skeleton_skull":1,"vs_eureka:dark_oak_ship_helm":1,"regions_unexplored:hanging_prismarite":2,"minecraft:glow_ink_sac":2,"minecraft:salmon":2,"minecraft:leather":22,"minecraft:gunpowder":23,"minecraft:podzol":1,"minecraft:coast_armor_trim_smithing_template":2,"minecraft:gray_carpet":1,"minecraft:spruce_wood":6,"minecraft:iron_ingot":87,"dynamictrees:birch_seed":5,"epicsamurai:silver_ingot":20,"minecraft:book":36,"epicsamurai:onyx":1,"minecraft:scaffolding":125,"minecraft:stone_brick_slab":1,"minecraft:blast_furnace":3,"minecraft:white_bed":9,"minecraft:nether_brick_slab":2,"minecraft:spider_eye":24,"minecraft:iron_helmet":1,"regions_unexplored:maple_log":19,"minecraft:coal":69},"minecraft:dropped":{"minecraft:iron_sword":1,"minecraft:porkchop":1,"minecraft:glass_bottle":3,"minecraft:cracked_stone_bricks":1,"minecraft:rail":1,"minecraft:leather_helmet":1,"minecraft:red_mushroom":3,"minecraft:emerald":11,"minecraft:dirt":11,"minecraft:stone_button":1,"minecraft:sand":14,"minecraft:iron_pickaxe":2,"minecraft:dark_oak_planks":3,"minecraft:fishing_rod":1,"minecraft:dark_oak_boat":1,"minecraft:white_wool":1,"minecraft:bone":22,"minecraft:stone_axe":2,"minecraft:cobbled_deepslate":17,"minecraft:birch_sapling":1,"minecraft:wheat":10,"minecraft:rotten_flesh":95,"minecraft:oak_planks":2,"minecraft:glowstone_dust":1,"minecraft:salmon":2,"minecraft:tipped_arrow":11,"aquaculture:wooden_fillet_knife":1,"regions_unexplored:hanging_prismarite":2,"minecraft:ladder":1,"minecraft:leather_leggings":1,"farmersdelight:rope":5,"minecraft:beef":22,"minecraft:egg":2,"minecraft:enchanted_book":7,"minecraft:iron_ingot":4,"minecraft:wheat_seeds":63,"minecraft:clock":1,"minecraft:mangrove_trapdoor":3,"dynamictrees:birch_seed":2,"minecraft:tnt":3,"minecraft:golden_horse_armor":2,"minecraft:feather":4,"minecraft:iron_helmet":1,"minecraft:cobblestone":10,"minecraft:granite":16,"minecraft:coal":2,"aquaculture:atlantic_herring":1,"minecraft:dried_kelp":6,"minecraft:brown_terracotta":1,"minecraft:oak_stairs":4,"minecraft:string":25,"minecraft:spruce_sapling":5,"minecraft:stone_brick_slab":1,"minecraft:snow_block":8,"minecraft:moss_carpet":3,"minecraft:chicken":2,"minecraft:white_carpet":6,"regions_unexplored:clover":1,"farmersdelight:straw":7,"minecraft:nether_bricks":1,"minecraft:potato":2,"minecraft:hay_block":9,"aquaculture:tuna":1,"minecraft:flower_pot":4,"minecraft:sea_pickle":3,"minecraft:spruce_planks":18,"biomesoplenty:umbran_sapling":6,"minecraft:stone_pressure_plate":2,"minecraft:spider_eye":24,"minecraft:sandstone":1,"sophisticatedbackpacks:copper_backpack":1,"minecraft:bow":4,"regions_unexplored:magnolia_log":3,"minecraft:ender_pearl":4,"minecraft:iron_horse_armor":1,"farmersdelight:rice":9,"paraglider:spirit_orb":1,"minecraft:cod":2,"minecraft:flint":3,"minecraft:mutton":8,"minecraft:seagrass":2,"minecraft:snowball":2,"gravestone:obituary":9,"farmersdelight:onion":2,"regions_unexplored:pointed_redstone":1,"minecraft:gold_ingot":8,"minecraft:gravel":1,"dynamictrees:oak_seed":31,"regions_unexplored:maple_sapling":1,"minecraft:prismarine":2,"minecraft:infested_stone_bricks":4,"minecraft:leather_chestplate":1,"minecraft:gunpowder":19,"minecraft:spruce_pressure_plate":6,"minecraft:blade_pottery_sherd":1,"minecraft:chest":1,"minecraft:iron_bars":10,"minecraft:netherrack":1,"minecraft:water_bucket":2,"minecraft:bread":142,"minecraft:mossy_cobblestone":2,"minecraft:minecart":2,"dynamictrees:dark_oak_seed":5,"minecraft:prismarine_shard":5,"minecraft:tropical_fish":2,"minecraft:grass_block":1,"minecraft:stick":13,"minecraft:diorite":7,"minecraft:light_gray_shulker_box":1,"minecraft:iron_door":3,"farmersdelight:bacon":3,"epicsamurai:cloth":1,"minecraft:bucket":3,"minecraft:nether_brick_slab":2,"minecraft:kelp":73,"minecraft:coarse_dirt":2,"minecraft:raw_copper":2,"minecraft:tuff":1,"minecraft:raw_iron":14,"farmersdelight:cabbage_seeds":3,"minecraft:filled_map":1,"farmersdelight:flint_knife":2,"minecraft:shield":6,"minecraft:oak_button":1,"minecraft:iron_chestplate":2,"minecraft:golden_leggings":1,"minecraft:oak_sapling":3,"pots_and_mimics:treasure_pot":1,"minecraft:slime_ball":1,"minecraft:light_blue_terracotta":1,"minecraft:brick":3},"minecraft:used":{"minecraft:writable_book":2,"minecraft:ladder":9,"minecraft:chest":34,"aquaculture:wooden_fillet_knife":10,"epicsamurai:odachi":377,"minecraft:rotten_flesh":5,"minecraft:allium":2,"minecraft:spruce_boat":2,"minecraft:lava_bucket":1,"minecraft:stripped_dark_oak_wood":1,"minecraft:bow":127,"minecraft:dark_oak_boat":22,"minecraft:sweet_berries":2,"minecraft:furnace":5,"minecraft:oak_sapling":4,"aquaculture:atlantic_halibut":1,"minecraft:potato":21,"minecraft:diorite":5,"aquaculture:atlantic_herring":1,"minecraft:prismarine":2,"biomesoplenty:flowering_oak_sapling":2,"regions_unexplored:chalk":2,"minecraft:golden_apple":4,"minecraft:sand":9,"regions_unexplored:redwood_planks":4,"minecraft:pitcher_pod":1,"minecraft:blast_furnace":8,"minecraft:polished_granite":1,"vs_eureka:engine":4,"minecraft:birch_log":3,"epicsamurai:tanegashima":1,"minecraft:iron_bars":6,"minecraft:cooked_salmon":1,"minecraft:torch":843,"farmersdelight:flint_knife":420,"regions_unexplored:magnolia_log":1,"minecraft:iron_axe":313,"minecraft:brick_stairs":1,"minecraft:barrel":29,"minecraft:bamboo":74,"minecraft:podzol":1,"minecraft:cobbled_deepslate":42,"biomesoplenty:violet":1,"minecraft:water_bucket":118,"minecraft:birch_planks":3,"vs_eureka:floater":34,"minecraft:rail":2,"minecraft:crafting_table":27,"minecraft:red_bed":2,"minecraft:campfire":1,"minecraft:white_bed":9,"minecraft:dark_prismarine":3,"minecraft:iron_pickaxe":774,"minecraft:cobblestone":133,"minecraft:potion":1,"epicsamurai:polished_spirit_stone":1,"minecraft:diamond_hoe":35,"minecraft:shield":88,"minecraft:iron_sword":682,"regions_unexplored:salmonberry":14,"minecraft:nether_bricks":23,"minecraft:carrot":87,"minecraft:tuff":1,"minecraft:bricks":1,"minecraft:spruce_wood":5,"regions_unexplored:redwood_boat":3,"minecraft:scaffolding":137,"minecraft:oak_planks":885,"minecraft:crossbow":20,"minecraft:bread":211,"epicsamurai:kama":264,"regions_unexplored:bamboo_log":2,"minecraft:gravel":15,"minecraft:chainmail_boots":1,"minecraft:grindstone":2,"minecraft:andesite":10,"minecraft:mossy_cobblestone_wall":1,"minecraft:coarse_dirt":15,"minecraft:bone_meal":123,"minecraft:oak_fence":3,"biomesoplenty:redwood_planks":107,"minecraft:dried_kelp":111,"minecraft:light_blue_terracotta":1,"minecraft:spruce_planks":71,"dynamictrees:oak_seed":42,"minecraft:dirt":19,"minecraft:prismarine_bricks":2,"minecraft:granite":6,"farmersdelight:rope":2,"minecraft:dark_oak_planks":33,"minecraft:oak_stairs":34,"dynamictrees:birch_seed":3,"minecraft:golden_carrot":27,"vs_eureka:dark_oak_ship_helm":2,"farmersdelight:cooked_mutton_chops":1,"minecraft:cooked_beef":1,"minecraft:powder_snow_bucket":1,"minecraft:cooked_mutton":1,"minecraft:smoker":7,"minecraft:flower_pot":1,"minecraft:apple":1,"minecraft:stone_axe":269,"minecraft:fishing_rod":10,"minecraft:bucket":121},"minecraft:killed":{"naturalist:rattlesnake":2,"minecraft:cave_spider":6,"aquaculture:red_grouper":1,"minecraft:cod":1,"minecraft:skeleton":62,"graveyard:acolyte":1,"minecraft:chicken":1,"minecraft:tropical_fish":2,"seadwellers:mermorph_hunter":2,"minecraft:pillager":10,"minecraft:zombie":101,"minecraft:cow":11,"graveyard:nightmare":1,"minecraft:vindicator":5,"naturalist:coral_snake":1,"graveyard:ghoul":2,"naturalist:bear":1,"minecraft:rabbit":1,"minecraft:wandering_trader":1,"naturalist:lizard":1,"epicsamurai:komainu":1,"minecraft:enderman":7,"seadwellers:mermorph_farmer":2,"minecraft:witch":5,"pots_and_mimics:pot_crab":3,"minecraft:spider":35,"seadwellers:mermorph_architect":1,"naturalist:snail":1,"realmrpg_demons:chort":17,"aquaculture:atlantic_herring":1,"epicsamurai:enenra":1,"minecraft:zombie_villager":15,"epicsamurai:kitsune":2,"epicsamurai:jorogumo":1,"minecraft:creeper":1,"minecraft:sheep":1,"minecraft:trader_llama":3,"minecraft:stray":20,"epicsamurai:onibi":1,"minecraft:llama":2,"minecraft:drowned":10,"naturalist:bluejay":1,"minecraft:bat":2,"pots_and_mimics:poison_pot_crab":1,"minecraft:villager":2},"minecraft:broken":{"minecraft:iron_sword":1,"minecraft:iron_axe":1,"minecraft:iron_pickaxe":2,"minecraft:iron_helmet":1,"epicsamurai:steel_helmet":1,"minecraft:stone_axe":1},"minecraft:crafted":{"minecraft:smooth_stone":29,"epicsamurai:silver_ingot":26,"naturalist:cooked_bass":1,"minecraft:cooked_mutton":4,"minecraft:glass":6,"vs_eureka:floater":32,"farmersdelight:flint_knife":1,"minecraft:campfire":1,"farmersdelight:beef_patty":4,"epicsamurai:steel_nugget":9,"minecraft:bamboo_planks":4,"minecraft:stone_slab":6,"minecraft:iron_pickaxe":3,"minecraft:gold_ingot":22,"farmersdelight:cooked_bacon":1,"epicsamurai:knive_handle":1,"minecraft:golden_carrot":107,"epicsamurai:kama":1,"minecraft:spyglass":1,"epicsamurai:steel_helmet":1,"minecraft:bone_meal":213,"minecraft:dark_oak_fence":6,"minecraft:ladder":9,"minecraft:spruce_boat":1,"minecraft:dark_oak_planks":140,"minecraft:wheat":615,"epicsamurai:bullet":10,"epicsamurai:steel_leggings":1,"epicsamurai:katana_handle":1,"farmersdelight:cooked_mutton_chops":1,"biomesoplenty:redwood_planks":140,"minecraft:dried_kelp":139,"sophisticatedbackpacks:gold_backpack":2,"vs_eureka:dark_oak_ship_helm":1,"minecraft:oak_stairs":32,"epicsamurai:steel_ingot":40,"minecraft:grindstone":1,"minecraft:oak_planks":992,"minecraft:barrel":16,"minecraft:dark_oak_boat":1,"epicsamurai:odachi":1,"minecraft:stone":64,"minecraft:chest":27,"minecraft:oak_button":1,"minecraft:oak_fence":3,"epicsamurai:tanegashima":1,"minecraft:smoker":5,"minecraft:oak_slab":60,"sophisticatedbackpacks:backpack":1,"minecraft:crafting_table":9,"minecraft:spruce_planks":92,"minecraft:birch_planks":68,"biomesoplenty:redwood_button":1,"minecraft:dark_oak_slab":6,"minecraft:shield":1,"minecraft:stick":128,"minecraft:iron_ingot":25,"epicsamurai:katana":1,"minecraft:furnace":16,"minecraft:blast_furnace":7,"minecraft:glass_pane":16,"minecraft:scaffolding":222,"vs_eureka:engine":2,"minecraft:iron_axe":2,"aquaculture:wooden_fillet_knife":1,"sophisticatedbackpacks:iron_backpack":2,"minecraft:cooked_beef":5,"epicsamurai:steel_chestplate":1,"minecraft:cooked_cod":3,"minecraft:iron_sword":1,"minecraft:mangrove_planks":8,"minecraft:bread":207,"minecraft:air":0,"minecraft:gold_nugget":1053,"regions_unexplored:redwood_boat":1,"minecraft:torch":544},"minecraft:custom":{"minecraft:interact_with_crafting_table":96,"minecraft:open_barrel":165,"minecraft:bell_ring":4,"minecraft:leave_game":37,"minecraft:time_since_death":35890,"minecraft:damage_blocked_by_shield":2759,"minecraft:play_time":1143497,"minecraft:deaths":9,"minecraft:jump":11652,"minecraft:interact_with_furnace":50,"minecraft:sleep_in_bed":43,"minecraft:waystone_activated":4,"minecraft:damage_dealt":61917,"minecraft:interact_with_smoker":33,"minecraft:horse_one_cm":46089,"minecraft:damage_dealt_absorbed":80,"minecraft:sneak_time":52164,"minecraft:interact_with_blast_furnace":25,"minecraft:total_world_time":1143497,"minecraft:interact_with_stonecutter":4,"minecraft:time_since_rest":35922,"minecraft:swim_one_cm":596281,"minecraft:fly_one_cm":2226552,"minecraft:open_chest":452,"minecraft:fish_caught":6,"minecraft:fall_one_cm":318208,"minecraft:open_shulker_box":2,"minecraft:sprint_one_cm":2435046,"minecraft:drop":381,"minecraft:talked_to_villager":8,"minecraft:interact_with_brewingstand":2,"minecraft:walk_on_water_one_cm":262326,"minecraft:interact_with_loom":1,"minecraft:crouch_one_cm":139108,"minecraft:mob_kills":358,"minecraft:damage_dealt_resisted":60,"minecraft:climb_one_cm":37068,"minecraft:walk_one_cm":2837947,"minecraft:walk_under_water_one_cm":385009,"minecraft:boat_one_cm":1719106,"minecraft:pot_flower":1,"minecraft:interact_with_grindstone":3,"minecraft:damage_taken":16282,"minecraft:damage_absorbed":141},"minecraft:killed_by":{"minecraft:vindicator":1,"minecraft:zombie":1,"minecraft:drowned":1,"minecraft:cave_spider":1}},"DataVersion":3465}