{"stats":{"minecraft:crafted":{"minecraft:smooth_stone":29,"epicsamurai:silver_ingot":39,"regions_unexplored:maple_planks":76,"minecraft:bookshelf":4,"naturalist:cooked_bass":1,"minecraft:cooked_mutton":4,"minecraft:glass":6,"minecraft:birch_fence_gate":8,"vs_eureka:floater":32,"biomesoplenty:umbran_trapdoor":2,"minecraft:emerald":32,"farmersdelight:flint_knife":1,"minecraft:fletching_table":1,"minecraft:campfire":2,"farmersdelight:beef_patty":4,"epicsamurai:steel_nugget":9,"minecraft:bamboo_planks":4,"minecraft:lectern":1,"minecraft:stone_slab":6,"minecraft:iron_pickaxe":3,"minecraft:iron_block":2,"farmersdelight:cooked_bacon":1,"minecraft:gold_ingot":46,"epicsamurai:knive_handle":1,"minecraft:golden_carrot":107,"epicsamurai:kama":1,"minecraft:jukebox":1,"minecraft:spyglass":1,"minecraft:crimson_trapdoor":4,"epicsamurai:steel_helmet":1,"minecraft:bone_meal":234,"minecraft:dark_oak_fence":6,"minecraft:ladder":9,"minecraft:spruce_boat":1,"minecraft:dark_oak_planks":140,"minecraft:wheat":615,"epicsamurai:bullet":80,"epicsamurai:steel_leggings":2,"epicsamurai:katana_handle":1,"farmersdelight:cooked_mutton_chops":1,"biomesoplenty:redwood_planks":428,"minecraft:dried_kelp":139,"sophisticatedbackpacks:gold_backpack":2,"vs_eureka:dark_oak_ship_helm":1,"minecraft:birch_trapdoor":2,"minecraft:oak_stairs":32,"epicsamurai:steel_ingot":67,"minecraft:grindstone":1,"minecraft:oak_planks":992,"minecraft:barrel":16,"minecraft:dark_oak_boat":1,"epicsamurai:odachi":1,"minecraft:stone":64,"creature_compendium:iron_golem_mace":1,"minecraft:spruce_pressure_plate":5,"minecraft:chest":31,"minecraft:oak_button":1,"minecraft:rail":16,"epicsamurai:steel_boots":1,"minecraft:oak_fence":3,"epicsamurai:tanegashima":1,"minecraft:smoker":5,"minecraft:oak_slab":60,"sophisticatedbackpacks:backpack":1,"minecraft:crafting_table":11,"minecraft:spruce_planks":288,"minecraft:birch_planks":128,"biomesoplenty:redwood_button":1,"minecraft:dark_oak_slab":6,"minecraft:shield":1,"minecraft:stick":936,"minecraft:iron_ingot":46,"aquaculture:iron_fishing_rod":1,"epicsamurai:katana":1,"minecraft:furnace":16,"minecraft:blast_furnace":7,"minecraft:glass_pane":16,"minecraft:flint_and_steel":1,"minecraft:scaffolding":222,"vs_eureka:engine":2,"minecraft:iron_axe":4,"aquaculture:wooden_fillet_knife":1,"minecraft:minecart":1,"sophisticatedbackpacks:iron_backpack":2,"paraglider:paraglider":1,"minecraft:cooked_beef":5,"epicsamurai:steel_chestplate":2,"biomesoplenty:umbran_planks":100,"minecraft:cooked_cod":3,"minecraft:crimson_planks":40,"minecraft:iron_sword":1,"minecraft:mangrove_planks":8,"minecraft:bucket":1,"minecraft:bread":207,"minecraft:air":0,"minecraft:gold_nugget":1053,"regions_unexplored:redwood_boat":1,"minecraft:torch":584,"biomesoplenty:umbran_slab":6},"minecraft:killed_by":{"minecraft:vindicator":1,"minecraft:zombie":1,"creature_compendium:unseen_hand":2,"minecraft:drowned":10,"minecraft:cave_spider":1,"mowziesmobs:ferrous_wroughtnaut":1},"minecraft:killed":{"naturalist:rattlesnake":2,"minecraft:cave_spider":6,"aquaculture:red_grouper":1,"minecraft:cod":1,"minecraft:skeleton":88,"graveyard:acolyte":1,"minecraft:chicken":1,"creature_compendium:unseen_grasp":1,"minecraft:tropical_fish":2,"minecraft:cat":1,"minecraft:iron_golem":1,"seadwellers:mermorph_hunter":2,"minecraft:pillager":10,"minecraft:zombie":126,"creature_compendium:unseen_hand":2,"minecraft:cow":11,"mowziesmobs:naga":3,"graveyard:nightmare":1,"minecraft:vindicator":5,"naturalist:coral_snake":1,"mowziesmobs:ferrous_wroughtnaut":1,"naturalist:vulture":1,"graveyard:ghoul":3,"naturalist:bear":1,"minecraft:rabbit":1,"minecraft:wandering_trader":1,"minecraft:polar_bear":1,"naturalist:lizard":1,"epicsamurai:komainu":2,"minecraft:enderman":11,"seadwellers:mermorph_farmer":2,"minecraft:witch":5,"pots_and_mimics:pot_crab":3,"minecraft:spider":37,"seadwellers:mermorph_architect":1,"naturalist:snail":1,"realmrpg_demons:chort":21,"minecraft:illusioner":4,"aquaculture:atlantic_herring":1,"epicsamurai:enenra":1,"minecraft:zombie_villager":15,"epicsamurai:kitsune":3,"epicsamurai:jorogumo":6,"minecraft:creeper":6,"minecraft:sheep":1,"minecraft:trader_llama":3,"minecraft:stray":21,"epicsamurai:onibi":1,"naturalist:elephant":1,"minecraft:llama":2,"minecraft:drowned":28,"naturalist:bluejay":1,"minecraft:bat":3,"minecraft:squid":1,"pots_and_mimics:poison_pot_crab":1,"naturalist:sparrow":1,"minecraft:villager":4},"minecraft:picked_up":{"regions_unexplored:pointed_redstone":1,"minecraft:seagrass":1,"minecraft:iron_chestplate":1,"minecraft:flower_pot":5,"minecraft:prismarine_shard":5,"regions_unexplored:magnolia_log":4,"biomesoplenty:umbran_trapdoor":3,"minecraft:lead":9,"biomesoplenty:violet":1,"minecraft:oak_stairs":6,"minecraft:brown_bed":6,"minecraft:wither_rose":28,"minecraft:enchanted_book":9,"minecraft:brewing_stand":3,"minecraft:music_disc_cat":2,"minecraft:string":128,"minecraft:pufferfish":1,"dynamictrees:dark_oak_seed":5,"minecraft:gold_nugget":9,"minecraft:cobbled_deepslate":127,"minecraft:spruce_planks":6,"biomesoplenty:redwood_wood":107,"minecraft:spruce_pressure_plate":6,"minecraft:composter":7,"epicsamurai:odachi":1,"minecraft:tropical_fish":3,"minecraft:cyan_terracotta":1,"farmersdelight:rope":12,"minecraft:iron_bars":28,"minecraft:snowball":2,"minecraft:birch_log":41,"minecraft:mossy_cobblestone_slab":2,"minecraft:feather":9,"minecraft:cooked_beef":7,"farmersdelight:rice":12,"minecraft:iron_door":3,"minecraft:water_bucket":1,"regions_unexplored:white_magnolia_shrub":3,"minecraft:dark_oak_boat":23,"minecraft:smoker":2,"farmersdelight:bacon":5,"minecraft:flint":9,"minecraft:stonecutter":2,"minecraft:glowstone_dust":1,"epicsamurai:raw_silver":54,"minecraft:pitcher_pod":1,"regions_unexplored:bamboo_log":2,"regions_unexplored:salmonberry":23,"minecraft:birch_fence_gate":2,"minecraft:stripped_spruce_log":18,"minecraft:acacia_stairs":1,"minecraft:dark_oak_log":34,"minecraft:barrel":15,"regions_unexplored:clover":1,"minecraft:granite":22,"minecraft:chainmail_helmet":1,"minecraft:golden_horse_armor":2,"minecraft:bread":32,"epicsamurai:ruby":23,"minecraft:bricks":1,"sophisticatedbackpacks:gold_backpack":2,"minecraft:crafting_table":26,"minecraft:coarse_dirt":17,"minecraft:leather_leggings":1,"minecraft:crimson_trapdoor":1,"gravestone:obituary":6,"minecraft:stripped_mangrove_log":2,"minecraft:red_bed":10,"epicsamurai:jade":27,"minecraft:white_carpet":6,"minecraft:iron_shovel":1,"minecraft:cracked_stone_bricks":1,"minecraft:music_disc_otherside":2,"minecraft:beef":21,"minecraft:poppy":3,"minecraft:minecart":8,"minecraft:chest":15,"minecraft:birch_sapling":1,"vs_eureka:engine":2,"minecraft:egg":3,"minecraft:sandstone":1,"minecraft:raw_gold_block":2,"sophisticatedbackpacks:backpack":1,"minecraft:spruce_fence":3,"minecraft:carrot":265,"minecraft:redstone":35,"minecraft:mangrove_trapdoor":3,"minecraft:tnt":3,"minecraft:diamond_chestplate":1,"minecraft:diamond_boots":1,"minecraft:hay_block":105,"minecraft:gold_ingot":47,"sophisticatedbackpacks:copper_backpack":1,"minecraft:mutton":8,"minecraft:white_wool":1,"minecraft:rail":16,"epicsamurai:kitsune_hide":6,"minecraft:clock":1,"minecraft:red_mushroom":5,"minecraft:filled_map":1,"minecraft:oak_log":260,"minecraft:golden_boots":1,"mowziesmobs:wrought_axe":1,"minecraft:blue_bed":3,"minecraft:white_banner":1,"minecraft:apple":17,"minecraft:stone_bricks":2,"minecraft:kelp":461,"minecraft:blade_pottery_sherd":1,"minecraft:glass_bottle":2,"minecraft:gray_bed":9,"epicsamurai:aquamarine":16,"creature_compendium:iron_golem_core":2,"minecraft:iron_sword":2,"biomesoplenty:umbran_log":82,"minecraft:smooth_basalt":1,"regions_unexplored:white_magnolia_sapling":3,"minecraft:sweet_berries":2,"minecraft:gravel":38,"aquaculture:red_grouper":1,"minecraft:spruce_sapling":17,"minecraft:spruce_log":61,"minecraft:leather_helmet":1,"biomesoplenty:flowering_oak_sapling":2,"minecraft:infested_stone_bricks":6,"minecraft:diamond_shovel":1,"vs_eureka:floater":4,"minecraft:slime_ball":1,"regions_unexplored:fireweed":1,"minecraft:stone_axe":1,"minecraft:ender_pearl":14,"epicsamurai:cloth":2,"minecraft:wheat":17,"minecraft:light_gray_shulker_box":2,"minecraft:potion":3,"seadwellers:aquamarine":9,"minecraft:crimson_planks":37,"regions_unexplored:magnolia_shrub":2,"minecraft:raw_copper":2,"minecraft:experience_bottle":8,"minecraft:zombie_head":2,"minecraft:sea_pickle":3,"minecraft:tnt_minecart":1,"minecraft:bucket":2,"pots_and_mimics:treasure_pot":1,"minecraft:rose_bush":2,"dynamictrees:oak_seed":73,"minecraft:iron_pickaxe":3,"farmersdelight:cabbage_seeds":6,"minecraft:furnace":5,"minecraft:tipped_arrow":15,"minecraft:stick":409,"minecraft:birch_trapdoor":9,"minecraft:brown_terracotta":2,"minecraft:oak_fence":2,"minecraft:torch":76,"biomesoplenty:umbran_planks":3,"minecraft:snow_block":8,"minecraft:porkchop":2,"aquaculture:atlantic_halibut":1,"minecraft:pointed_dripstone":10,"minecraft:diorite":12,"minecraft:rotten_flesh":183,"minecraft:music_disc_wait":1,"minecraft:obsidian":2,"minecraft:cod":6,"minecraft:cobblestone":502,"minecraft:leather_chestplate":1,"aquaculture:tuna":1,"minecraft:andesite":10,"minecraft:golden_leggings":2,"minecraft:potato":2,"paraglider:spirit_orb":10,"minecraft:tuff":5,"minecraft:prismarine_bricks":3,"epicsamurai:polished_spirit_stone":1,"minecraft:lapis_lazuli":18,"minecraft:dirt":86,"minecraft:polished_granite":1,"minecraft:bone":138,"minecraft:bow":13,"minecraft:wheat_seeds":67,"minecraft:raw_gold":127,"minecraft:bell":2,"minecraft:grindstone":1,"minecraft:fletching_table":13,"minecraft:mossy_stone_bricks":1,"minecraft:bamboo":290,"minecraft:prismarine":5,"minecraft:oak_planks":250,"minecraft:mossy_stone_brick_stairs":1,"aquaculture:atlantic_herring":3,"minecraft:music_disc_13":1,"minecraft:sand":49,"regions_unexplored:chalk":2,"minecraft:grass_block":2,"minecraft:mossy_cobblestone":10,"minecraft:dark_prismarine":4,"minecraft:light_blue_terracotta":2,"minecraft:diamond":30,"minecraft:spruce_boat":1,"epicsamurai:jorogumo_eye":5,"minecraft:golden_apple":2,"minecraft:emerald":31,"minecraft:oak_sapling":7,"minecraft:netherrack":3,"minecraft:fishing_rod":1,"minecraft:charcoal":5,"minecraft:allium":2,"minecraft:splash_potion":1,"minecraft:chicken":3,"minecraft:ladder":1,"minecraft:brown_mushroom":1,"minecraft:gold_block":2,"minecraft:diamond_horse_armor":2,"minecraft:brick":14,"minecraft:shield":3,"minecraft:moss_carpet":3,"minecraft:item_frame":1,"minecraft:birch_fence":8,"graveyard:corruption":5,"minecraft:mossy_cobblestone_wall":1,"farmersdelight:straw":7,"minecraft:lectern":123,"regions_unexplored:redwood_planks":1,"minecraft:sugar_cane":3,"minecraft:spruce_trapdoor":1,"minecraft:raw_iron":79,"minecraft:copper_ingot":2,"regions_unexplored:redwood_boat":3,"minecraft:stone_button":2,"minecraft:trident":4,"minecraft:iron_horse_armor":2,"minecraft:stone_pressure_plate":2,"minecraft:purple_terracotta":1,"biomesoplenty:redwood_planks":15,"minecraft:weeping_vines":3,"minecraft:arrow":97,"regions_unexplored:maple_sapling":1,"biomesoplenty:umbran_sapling":13,"minecraft:nether_bricks":5,"mowziesmobs:ice_crystal":1,"minecraft:stripped_dark_oak_wood":2,"minecraft:glistering_melon_slice":2,"minecraft:saddle":1,"minecraft:brick_stairs":1,"minecraft:skeleton_skull":1,"vs_eureka:dark_oak_ship_helm":2,"epicsamurai:kitsune_tail":1,"regions_unexplored:hanging_prismarite":2,"minecraft:glow_ink_sac":2,"minecraft:crimson_stem":10,"minecraft:salmon":2,"minecraft:leather":24,"minecraft:music_disc_stal":2,"minecraft:birch_planks":3,"minecraft:chainmail_chestplate":1,"minecraft:yellow_bed":14,"minecraft:nether_wart_block":1,"minecraft:gunpowder":26,"minecraft:podzol":1,"minecraft:coast_armor_trim_smithing_template":2,"minecraft:gray_carpet":1,"minecraft:spruce_wood":6,"minecraft:iron_ingot":95,"dynamictrees:birch_seed":19,"epicsamurai:silver_ingot":50,"minecraft:book":51,"epicsamurai:onyx":7,"minecraft:scaffolding":125,"minecraft:stone_brick_slab":1,"mowziesmobs:wrought_helmet":1,"minecraft:blast_furnace":4,"minecraft:white_bed":21,"minecraft:nether_brick_slab":2,"minecraft:spider_eye":25,"mowziesmobs:naga_fang":2,"creature_compendium:mask_of_unseen":1,"minecraft:iron_helmet":1,"regions_unexplored:maple_log":19,"minecraft:coal":91},"minecraft:dropped":{"minecraft:iron_sword":3,"minecraft:porkchop":1,"minecraft:glow_ink_sac":2,"minecraft:glass_bottle":3,"mowziesmobs:ice_crystal":1,"minecraft:weeping_vines":3,"minecraft:cracked_stone_bricks":1,"minecraft:rail":1,"minecraft:leather_helmet":1,"minecraft:red_mushroom":3,"sophisticatedbackpacks:gold_backpack":3,"minecraft:emerald":11,"minecraft:dirt":11,"minecraft:birch_fence":2,"minecraft:stone_button":1,"creature_compendium:iron_golem_mace":1,"minecraft:sand":14,"minecraft:iron_pickaxe":2,"minecraft:dark_oak_planks":3,"minecraft:fishing_rod":2,"minecraft:dark_oak_boat":1,"minecraft:white_wool":1,"minecraft:bone":56,"minecraft:stone_axe":2,"minecraft:cobbled_deepslate":31,"minecraft:birch_sapling":1,"minecraft:wheat":11,"minecraft:obsidian":2,"minecraft:rotten_flesh":115,"minecraft:oak_planks":2,"minecraft:glowstone_dust":1,"minecraft:salmon":2,"minecraft:tipped_arrow":11,"aquaculture:wooden_fillet_knife":1,"minecraft:charcoal":2,"regions_unexplored:hanging_prismarite":2,"minecraft:ladder":1,"farmersdelight:rope":5,"minecraft:leather_leggings":1,"minecraft:beef":22,"minecraft:egg":2,"minecraft:crimson_planks":18,"minecraft:enchanted_book":7,"minecraft:iron_ingot":4,"regions_unexplored:fireweed":1,"minecraft:wheat_seeds":67,"minecraft:clock":1,"dynamictrees:birch_seed":2,"minecraft:mangrove_trapdoor":3,"minecraft:tnt":3,"minecraft:golden_horse_armor":2,"minecraft:iron_helmet":1,"minecraft:feather":4,"minecraft:cobblestone":11,"minecraft:granite":16,"minecraft:coal":2,"minecraft:pufferfish":1,"minecraft:lava_bucket":1,"minecraft:golden_carrot":9,"minecraft:rose_bush":2,"aquaculture:atlantic_herring":2,"minecraft:brown_terracotta":1,"minecraft:dried_kelp":6,"minecraft:oak_stairs":4,"mowziesmobs:wrought_helmet":1,"minecraft:string":30,"minecraft:spruce_sapling":6,"minecraft:stone_brick_slab":1,"minecraft:snow_block":8,"minecraft:moss_carpet":3,"minecraft:chicken":2,"minecraft:white_carpet":6,"regions_unexplored:clover":1,"farmersdelight:straw":7,"minecraft:nether_bricks":1,"minecraft:potato":2,"minecraft:hay_block":9,"aquaculture:tuna":1,"minecraft:flower_pot":4,"minecraft:sea_pickle":3,"minecraft:spruce_trapdoor":1,"minecraft:spruce_planks":18,"biomesoplenty:umbran_sapling":6,"minecraft:stone_pressure_plate":2,"minecraft:spider_eye":25,"minecraft:bow":7,"minecraft:sandstone":1,"sophisticatedbackpacks:copper_backpack":1,"regions_unexplored:magnolia_log":3,"minecraft:ender_pearl":4,"minecraft:leather":6,"minecraft:iron_horse_armor":1,"farmersdelight:rice":9,"paraglider:spirit_orb":2,"minecraft:cod":3,"minecraft:flint":6,"minecraft:crimson_trapdoor":4,"minecraft:mutton":8,"minecraft:seagrass":2,"epicsamurai:jade":7,"minecraft:snowball":2,"gravestone:obituary":31,"farmersdelight:onion":2,"regions_unexplored:pointed_redstone":1,"minecraft:glistering_melon_slice":2,"minecraft:gold_ingot":8,"minecraft:gravel":5,"dynamictrees:oak_seed":31,"regions_unexplored:maple_sapling":1,"minecraft:prismarine":2,"minecraft:acacia_stairs":1,"minecraft:carrot":48,"minecraft:infested_stone_bricks":4,"minecraft:chainmail_chestplate":1,"minecraft:poppy":2,"minecraft:leather_chestplate":1,"minecraft:gunpowder":21,"minecraft:spruce_pressure_plate":11,"minecraft:blade_pottery_sherd":1,"minecraft:chest":1,"minecraft:iron_bars":10,"minecraft:netherrack":2,"minecraft:water_bucket":2,"minecraft:bread":142,"minecraft:purple_terracotta":1,"minecraft:mossy_cobblestone":5,"minecraft:minecart":2,"dynamictrees:dark_oak_seed":5,"minecraft:prismarine_shard":5,"minecraft:copper_ingot":2,"minecraft:tropical_fish":3,"minecraft:grass_block":2,"mowziesmobs:wrought_axe":1,"minecraft:stick":13,"minecraft:diorite":7,"minecraft:torch":1,"minecraft:nether_wart_block":1,"minecraft:light_gray_shulker_box":1,"minecraft:iron_door":3,"farmersdelight:bacon":3,"epicsamurai:cloth":1,"minecraft:bucket":3,"minecraft:nether_brick_slab":2,"minecraft:kelp":73,"epicsamurai:odachi":1,"minecraft:coarse_dirt":2,"minecraft:raw_copper":2,"minecraft:tuff":3,"minecraft:composter":1,"minecraft:raw_iron":14,"farmersdelight:cabbage_seeds":3,"minecraft:filled_map":1,"minecraft:shield":6,"farmersdelight:flint_knife":2,"minecraft:oak_button":1,"minecraft:iron_chestplate":2,"minecraft:golden_leggings":1,"minecraft:oak_sapling":3,"pots_and_mimics:treasure_pot":1,"minecraft:slime_ball":1,"minecraft:light_blue_terracotta":1,"minecraft:brick":3},"minecraft:custom":{"minecraft:interact_with_crafting_table":127,"minecraft:open_barrel":183,"minecraft:bell_ring":73,"minecraft:leave_game":53,"minecraft:time_since_death":133520,"minecraft:damage_blocked_by_shield":3184,"minecraft:play_time":1583840,"minecraft:deaths":24,"minecraft:jump":17338,"minecraft:interact_with_furnace":54,"minecraft:play_record":9,"minecraft:traded_with_villager":32,"minecraft:sleep_in_bed":50,"minecraft:waystone_activated":5,"minecraft:damage_dealt":81534,"minecraft:interact_with_smoker":35,"minecraft:horse_one_cm":288197,"minecraft:damage_dealt_absorbed":80,"minecraft:sneak_time":58285,"minecraft:interact_with_blast_furnace":42,"minecraft:total_world_time":1583840,"minecraft:interact_with_stonecutter":6,"minecraft:time_since_rest":20462,"minecraft:swim_one_cm":1070679,"minecraft:fly_one_cm":3630917,"minecraft:open_chest":620,"minecraft:fish_caught":10,"minecraft:fall_one_cm":479392,"minecraft:animals_bred":4,"minecraft:open_shulker_box":2,"minecraft:sprint_one_cm":3489448,"minecraft:drop":496,"minecraft:talked_to_villager":226,"minecraft:interact_with_brewingstand":2,"minecraft:walk_on_water_one_cm":330528,"minecraft:interact_with_loom":1,"minecraft:player_kills":2,"minecraft:crouch_one_cm":152989,"minecraft:mob_kills":506,"minecraft:damage_dealt_resisted":60,"minecraft:climb_one_cm":48366,"minecraft:walk_one_cm":4161521,"minecraft:walk_under_water_one_cm":519632,"minecraft:boat_one_cm":1719106,"minecraft:pot_flower":1,"minecraft:interact_with_grindstone":3,"minecraft:damage_taken":31128,"minecraft:damage_absorbed":141},"minecraft:mined":{"minecraft:white_bed":21,"minecraft:black_terracotta":1,"regions_unexplored:magnolia_log":4,"minecraft:granite":20,"minecraft:crimson_trapdoor":1,"epicsamurai:silver_ore":4,"minecraft:spawner":3,"epicsamurai:deepslate_jade_ore":6,"regions_unexplored:pointed_redstone":1,"minecraft:brown_stained_glass":2,"minecraft:barrel":16,"minecraft:cobbled_deepslate":3,"biomesoplenty:violet":1,"minecraft:moss_carpet":3,"minecraft:pumpkin":2,"minecraft:fletching_table":13,"minecraft:stripped_dark_oak_wood":3,"minecraft:dirt_path":2,"minecraft:oak_stairs":5,"minecraft:spruce_pressure_plate":6,"minecraft:spruce_wood":6,"betterarcheology:loot_vase":1,"minecraft:tripwire":1,"minecraft:red_bed":12,"minecraft:kelp_plant":53,"minecraft:smoker":2,"regions_unexplored:white_magnolia_leaves":2,"minecraft:powder_snow":4,"minecraft:torch":20,"minecraft:blast_furnace":4,"minecraft:nether_brick_slab":2,"minecraft:potted_oak_sapling":2,"minecraft:sugar_cane":1,"minecraft:bricks":1,"minecraft:wither_rose":28,"minecraft:grass":72,"regions_unexplored:clover":1,"minecraft:smooth_basalt":1,"minecraft:stonecutter":2,"minecraft:deepslate":103,"biomesoplenty:reed":11,"biomesoplenty:orange_autumn_leaves":1,"minecraft:dark_prismarine":4,"minecraft:mossy_cobblestone":8,"epicsamurai:deepslate_onyx_ore":1,"minecraft:birch_fence_gate":2,"minecraft:nether_bricks":5,"minecraft:allium":2,"regions_unexplored:maple_leaves":2,"minecraft:potted_bamboo":2,"minecraft:moss_block":7,"minecraft:kelp":2,"dynamictrees:oak_leaves":4,"minecraft:redstone_ore":1,"minecraft:andesite":10,"dynamictrees:dark_oak_root":1,"dynamictrees:spruce_leaves":1,"minecraft:vine":3,"minecraft:rail":11,"minecraft:bamboo":62,"vs_eureka:floater":4,"biomesoplenty:redwood_planks":15,"epicsamurai:jade_ore":4,"minecraft:glass_pane":2,"minecraft:stone_brick_slab":2,"minecraft:campfire":2,"vs_eureka:dark_oak_ship_helm":2,"minecraft:tall_grass":1,"minecraft:deepslate_gold_ore":85,"minecraft:diorite":16,"minecraft:coarse_dirt":17,"minecraft:white_carpet":6,"minecraft:spruce_log":56,"minecraft:birch_leaves":2,"regions_unexplored:magnolia_shrub":2,"minecraft:pitcher_crop":1,"minecraft:zombie_head":2,"minecraft:gravel":38,"minecraft:brown_terracotta":2,"minecraft:cobweb":11,"minecraft:stone_bricks":1,"minecraft:gold_ore":10,"vs_eureka:engine":2,"minecraft:fern":299,"biomesoplenty:umbran_trapdoor":3,"minecraft:spruce_planks":2,"minecraft:stone_pressure_plate":2,"regions_unexplored:maple_log":19,"minecraft:sculk_vein":9,"minecraft:brewing_stand":3,"regions_unexplored:hanging_prismarite":3,"biomesoplenty:umbran_planks":3,"minecraft:grass_block":28,"minecraft:gray_banner":1,"biomesoplenty:flowering_oak_leaves":19,"minecraft:composter":7,"minecraft:mossy_cobblestone_slab":1,"minecraft:iron_ore":23,"regions_unexplored:redwood_planks":1,"minecraft:brown_bed":7,"biomesoplenty:hanging_cobweb":1,"minecraft:pointed_dripstone":2,"minecraft:iron_bars":26,"epicsamurai:deepslate_silver_ore":50,"minecraft:dead_fire_coral":1,"minecraft:deepslate_redstone_ore":7,"minecraft:cyan_terracotta":1,"minecraft:mossy_cobblestone_wall":1,"minecraft:poppy":1,"minecraft:chest":13,"minecraft:cobblestone":104,"minecraft:grindstone":1,"minecraft:prismarine":4,"minecraft:oak_planks":269,"regions_unexplored:bamboo_log":2,"minecraft:iron_door":2,"minecraft:wall_torch":20,"minecraft:light_blue_terracotta":2,"minecraft:blue_terracotta":2,"minecraft:nether_wart_block":1,"minecraft:birch_log":12,"minecraft:birch_trapdoor":9,"minecraft:tnt":3,"biomesoplenty:umbran_log":83,"minecraft:oak_log":62,"minecraft:sand":30,"minecraft:dirt":24,"minecraft:crimson_planks":37,"biomesoplenty:umbran_leaves":89,"minecraft:netherrack":2,"minecraft:oak_leaves":123,"realmrpg_skeletons:waterdrop_skeleton":1,"minecraft:diamond_ore":1,"minecraft:tuff":3,"minecraft:stripped_mangrove_log":2,"minecraft:deepslate_diamond_ore":19,"gravestone:gravestone":19,"minecraft:ladder":1,"minecraft:purple_terracotta":1,"biomesoplenty:bush":24,"epicsamurai:deepslate_ruby_ore":12,"minecraft:decorated_pot":2,"minecraft:brick_stairs":1,"minecraft:mangrove_trapdoor":2,"minecraft:spruce_leaves":4,"minecraft:sandstone":2,"minecraft:crimson_stem":10,"minecraft:large_fern":38,"minecraft:hay_block":93,"minecraft:spruce_sapling":7,"minecraft:furnace":5,"minecraft:carrots":71,"minecraft:raw_gold_block":2,"minecraft:light_gray_shulker_box":2,"minecraft:acacia_stairs":1,"minecraft:stripped_spruce_log":18,"regions_unexplored:white_magnolia_shrub":3,"regions_unexplored:frozen_grass":2,"minecraft:gold_block":3,"minecraft:bell":1,"minecraft:bookshelf":17,"farmersdelight:rope":2,"minecraft:deepslate_iron_ore":38,"minecraft:packed_ice":3,"regions_unexplored:medium_grass":6,"minecraft:stone":319,"biomesoplenty:spider_egg":2,"minecraft:podzol":2,"regions_unexplored:chalk_grass_block":2,"minecraft:scaffolding":76,"minecraft:polished_granite":1,"epicsamurai:deepslate_aquamarine_ore":16,"minecraft:oak_fence":2,"minecraft:crafting_table":27,"minecraft:lectern":123,"biomesoplenty:sprout":1,"biomesoplenty:huge_clover_petal":1,"minecraft:sculk":6,"minecraft:blue_bed":3,"epicsamurai:polished_spirit_stone":1,"minecraft:prismarine_bricks":3,"minecraft:dead_fire_coral_block":1,"minecraft:birch_planks":3,"minecraft:ice":7,"minecraft:gray_bed":10,"minecraft:yellow_bed":16,"realmrpg_skeletons:melted_skeleton":1,"minecraft:coal_ore":45,"biomesoplenty:fir_leaves":1,"biomesoplenty:redwood_leaves":4,"minecraft:cracked_stone_bricks":1,"pots_and_mimics:treasure_pot":26,"biomesoplenty:redwood_wood":111,"minecraft:birch_fence":8,"epicsamurai:ruby_ore":11},"minecraft:used":{"minecraft:writable_book":2,"minecraft:ladder":9,"minecraft:poppy":1,"minecraft:chest":38,"aquaculture:wooden_fillet_knife":10,"epicsamurai:odachi":562,"minecraft:rotten_flesh":5,"biomesoplenty:umbran_log":4,"minecraft:allium":2,"minecraft:stripped_spruce_log":6,"minecraft:spruce_boat":2,"minecraft:lava_bucket":3,"minecraft:stripped_dark_oak_wood":1,"minecraft:music_disc_wait":1,"minecraft:music_disc_stal":2,"minecraft:dark_oak_boat":22,"minecraft:bow":185,"minecraft:sweet_berries":2,"minecraft:oak_sapling":4,"minecraft:furnace":7,"minecraft:egg":1,"aquaculture:atlantic_halibut":1,"minecraft:potato":21,"minecraft:diorite":5,"aquaculture:atlantic_herring":1,"minecraft:prismarine":2,"minecraft:composter":5,"biomesoplenty:flowering_oak_sapling":2,"regions_unexplored:chalk":2,"minecraft:golden_apple":4,"minecraft:sand":9,"regions_unexplored:redwood_planks":4,"minecraft:pitcher_pod":1,"minecraft:blast_furnace":8,"minecraft:lectern":121,"minecraft:polished_granite":1,"minecraft:diamond_sword":11,"vs_eureka:engine":4,"minecraft:birch_log":3,"epicsamurai:tanegashima":57,"minecraft:iron_bars":6,"minecraft:cooked_salmon":1,"minecraft:netherrack":1,"minecraft:torch":885,"minecraft:brewing_stand":2,"farmersdelight:flint_knife":420,"regions_unexplored:magnolia_log":1,"minecraft:iron_axe":776,"minecraft:brick_stairs":1,"minecraft:barrel":29,"minecraft:bamboo":74,"minecraft:podzol":1,"minecraft:cobbled_deepslate":44,"biomesoplenty:violet":1,"minecraft:water_bucket":179,"minecraft:birch_planks":42,"vs_eureka:floater":34,"minecraft:fletching_table":13,"minecraft:mossy_cobblestone":5,"minecraft:rail":13,"minecraft:crimson_trapdoor":1,"minecraft:crafting_table":33,"minecraft:red_bed":11,"minecraft:white_bed":21,"minecraft:campfire":2,"minecraft:cod":2,"minecraft:spruce_log":3,"mowziesmobs:wrought_axe":8,"minecraft:dark_prismarine":3,"minecraft:iron_pickaxe":1077,"minecraft:spruce_sapling":16,"minecraft:cobblestone":318,"minecraft:potion":1,"minecraft:jukebox":1,"epicsamurai:polished_spirit_stone":1,"minecraft:diamond_hoe":35,"minecraft:shield":93,"minecraft:iron_sword":682,"regions_unexplored:salmonberry":14,"minecraft:bell":2,"creature_compendium:mask_of_unseen":1,"minecraft:nether_bricks":23,"minecraft:carrot":104,"minecraft:tuff":1,"minecraft:music_disc_13":1,"minecraft:bricks":1,"minecraft:spruce_wood":5,"regions_unexplored:redwood_boat":3,"minecraft:birch_trapdoor":10,"minecraft:scaffolding":137,"minecraft:gray_bed":9,"minecraft:oak_planks":886,"minecraft:blue_bed":3,"minecraft:crossbow":20,"biomesoplenty:umbran_planks":33,"minecraft:birch_fence_gate":10,"minecraft:bread":213,"epicsamurai:kama":459,"regions_unexplored:bamboo_log":2,"minecraft:gravel":33,"minecraft:chainmail_boots":1,"minecraft:grindstone":2,"minecraft:andesite":10,"minecraft:mossy_cobblestone_wall":1,"minecraft:coarse_dirt":15,"minecraft:bone_meal":144,"minecraft:oak_fence":3,"minecraft:trident":1,"minecraft:music_disc_otherside":2,"minecraft:flint_and_steel":3,"biomesoplenty:redwood_planks":140,"minecraft:dried_kelp":111,"minecraft:light_blue_terracotta":1,"minecraft:spruce_planks":253,"dynamictrees:oak_seed":42,"minecraft:dirt":67,"minecraft:prismarine_bricks":2,"creature_compendium:iron_golem_mace":4,"minecraft:granite":6,"mowziesmobs:wrought_helmet":1,"farmersdelight:rope":2,"minecraft:dark_oak_planks":33,"aquaculture:iron_fishing_rod":2,"minecraft:oak_stairs":34,"dynamictrees:birch_seed":3,"minecraft:crimson_planks":43,"biomesoplenty:umbran_sapling":1,"minecraft:golden_carrot":103,"vs_eureka:dark_oak_ship_helm":3,"minecraft:minecart":6,"farmersdelight:cooked_mutton_chops":1,"minecraft:cooked_beef":11,"minecraft:powder_snow_bucket":1,"minecraft:brown_bed":6,"minecraft:cooked_mutton":1,"minecraft:stonecutter":1,"biomesoplenty:umbran_trapdoor":4,"minecraft:music_disc_cat":3,"minecraft:smoker":7,"minecraft:flower_pot":1,"minecraft:apple":1,"minecraft:stone_axe":269,"minecraft:fishing_rod":23,"minecraft:bucket":185,"minecraft:yellow_bed":14},"minecraft:broken":{"minecraft:iron_sword":1,"epicsamurai:steel_leggings":2,"minecraft:shield":1,"minecraft:iron_axe":3,"minecraft:iron_pickaxe":2,"minecraft:iron_helmet":1,"epicsamurai:steel_helmet":1,"epicsamurai:steel_boots":1,"minecraft:stone_axe":1,"epicsamurai:steel_chestplate":2}},"DataVersion":3465}